url,titles,texte,search_term,pages,page_position,type,images,company,domain,Date
https://scholar.google.fr/scholar?q=Monitor*+AND+Report*+AND+Verif*+AND+MRV+AND+soil*&hl=fr&as_sdt=0&as_vis=1&oi=scholart,Articles universitaires correspondant aux termes Monitor* AND Report* AND Verif* AND MRV AND soil*,"Articles universitaires correspondant aux termes Monitor* AND Report* AND Verif* AND MRV AND soil*
… -ecosystem monitoring, reporting and verification (MRV … - Batjes - Cité 4 fois
Agricultural Monitoring and Evaluation Systems: What … - Wilkes - Cité 10 fois",Monitor* AND Report* AND Verif* AND MRV AND soil*,1,1,SEO,Non,google,scholar.google.fr,10/02/25
https://www.horizon-europe.gouv.fr/monitoring-reporting-and-verification-soil-carbon-and-greenhouse-gases-balance-30587,"Monitoring, reporting and verification of soil carbon and ...","Monitoring, reporting and verification of soil carbon and ...
Horizon-europe.gouv.fr
https://www.horizon-europe.gouv.fr › ...
·
Traduire cette page
This topic supports the implementation of key actions of the European Commission Communication on sustainable carbon cycles and carbon farming.",Monitor* AND Report* AND Verif* AND MRV AND soil*,1,2,SEO,Non,horizon-europe,www.horizon-europe.gouv.fr,10/02/25
https://cordis.europa.eu/programme/id/HORIZON_HORIZON-MISS-2022-SOIL-01-05/fr,"Monitoring, reporting and verification of soil carbon ... - CORDIS","Monitoring, reporting and verification of soil carbon ... - CORDIS
CORDIS
https://cordis.europa.eu › HORIZO...
·
Traduire cette page
27 juin 2022 — It will be essential to standardise methodologies and rules for monitoring, reporting and verifying (MRV) the gains or losses in the carbon sequestered.",Monitor* AND Report* AND Verif* AND MRV AND soil*,1,3,SEO,Non,europa,cordis.europa.eu,10/02/25
https://www.deloitte.com/fr/fr/services/risk-advisory/analysis/how-to-quantify-verify-and-manage-the-impact-of-agroecological-practices-on-soil-health-and-carbon-sequestration.html,"How to quantify, verify, and manage the impact of ...","How to quantify, verify, and manage the impact of ...
Deloitte
https://www.deloitte.com › analysis
·
Traduire cette page
The deployment of decarbonization trajectories requires the ability to measure, monitor, verify and, report on the impact of agroecological practices on soil ...",Monitor* AND Report* AND Verif* AND MRV AND soil*,1,4,SEO,Non,deloitte,www.deloitte.com,10/02/25
https://www.sciencedirect.com/science/article/pii/S0301479724022709,"Solutions and insights for agricultural monitoring, reporting ...","Solutions and insights for agricultural monitoring, reporting ...
ScienceDirect.com
https://www.sciencedirect.com › science › article › pii
de CD Brummitt · 2024 · Cité 1 fois — Research article. Solutions and insights for agricultural monitoring, reporting, and verification (MRV) from three consecutive issuances of soil carbon credits.",Monitor* AND Report* AND Verif* AND MRV AND soil*,1,6,SEO,Non,sciencedirect,www.sciencedirect.com,10/02/25
https://4p1000.org/mrv-systems-related-to-soil-health-and-the-4-per-1000-initiative/,MRV systems related to Soil health in the context of ...,"MRV systems related to Soil health in the context of ...
4P1000
https://4p1000.org › mrv-systems...
·
Traduire cette page
This webinar has explored the critical issue of Measurement, Reporting, and Verification (MRV) for soil carbon stocks.",Monitor* AND Report* AND Verif* AND MRV AND soil*,1,7,SEO,Non,4p1000,4p1000.org,10/02/25
https://climate.ec.europa.eu/eu-action/eu-emissions-trading-system-eu-ets/monitoring-reporting-and-verification_en,"Monitoring, reporting and verification - EU Climate Action","Monitoring, reporting and verification - EU Climate Action
europa.eu
https://climate.ec.europa.eu › mo...
·
Traduire cette page
The EU ETS compliance cycle refers to the annual process of monitoring, reporting, and verification (MRV) of greenhouse gas emissions, including associated ...",Monitor* AND Report* AND Verif* AND MRV AND soil*,1,8,SEO,Non,europa,climate.ec.europa.eu,10/02/25
https://www.bsag.fi/en/projects/marvic/,"Monitoring, reporting and verifying carbon balances in ...","Monitoring, reporting and verifying carbon balances in ...
Baltic Sea Action Group (BSAG)
https://www.bsag.fi › ... › Projects
·
Traduire cette page
The project develops and tests a framework for the design of harmonized, context-specific Monitoring, Reporting and Verification systems for soil carbon.",Monitor* AND Report* AND Verif* AND MRV AND soil*,1,9,SEO,Non,bsag,www.bsag.fi,10/02/25
https://www.isric.org/news/new-paper-towards-modular-multi-ecosystem-mrv-framework-soil-organic-carbon-stock-change,"Towards a modular, multi-ecosystem MRV framework for ...","Towards a modular, multi-ecosystem MRV framework for ...
ISRIC — World Soil Information
https://www.isric.org › news › ne...
·
Traduire cette page
21 oct. 2024 — A new open access paper titled, “Towards a modular, multi-ecosystem Monitoring, Reporting and Verification (MRV) framework for soil organic carbon stock change ...",Monitor* AND Report* AND Verif* AND MRV AND soil*,1,10,SEO,Non,isric,www.isric.org,10/02/25
https://www.icos-cp.eu/fluxes/3/successes-and-challenges-when-using-mrv,Successes and challenges when using MRV | ICOS,"Successes and challenges when using MRV | ICOS
ICOS - Integrated Carbon Observation System
https://www.icos-cp.eu › fluxes
·
Traduire cette page
Scientists across Europe are developing effective Monitoring, Reporting and Verification (MRV) systems, relying on high-quality data.",Monitor* AND Report* AND Verif* AND MRV AND soil*,1,11,SEO,Non,icos-cp,www.icos-cp.eu,10/02/25
https://librairie.ademe.fr/5334-evaluation-and-monitoring-methodologies-for-soil-carbon-balance-and-recommendations-for-drafting-a-low-carbon-label-method.html,Evaluation and monitoring methodologies for soil carbon ...,"Evaluation and monitoring methodologies for soil carbon ...
La librairie ADEME
https://librairie.ademe.fr › 5334-evaluation-and-monitori...
Evaluation and monitoring methodologies for soil carbon balance and recommendations for drafting a low carbon label method · Territorial demonstrators of soil ...",Monitor* AND Report* AND Verif* AND MRV AND soil*,1,12,SEO,Non,ademe,librairie.ademe.fr,10/02/25
https://www.tandfonline.com/doi/full/10.1080/17583004.2024.2410812,"Towards a modular, multi-ecosystem monitoring, reporting ...","Towards a modular, multi-ecosystem monitoring, reporting ...
Taylor & Francis Online
https://www.tandfonline.com › full
·
Traduire cette page
de NH Batjes · 2024 · Cité 4 fois — Review Article. Towards a modular, multi-ecosystem monitoring, reporting and verification (MRV) framework for soil organic carbon stock change assessment.",Monitor* AND Report* AND Verif* AND MRV AND soil*,2,1,SEO,Non,tandfonline,www.tandfonline.com,10/02/25
https://www.deloitte.com/fr/fr/services/risk-advisory/analysis/comment-quantifier-verifier-et-piloter-l-impact-des-pratiques-agroecologiques-sur-la-sante-des-sols-et-la-sequestration-du-carbone.html,"Comment quantifier, vérifier et piloter l'impact des pratiques ...","Comment quantifier, vérifier et piloter l'impact des pratiques ...
Deloitte
https://www.deloitte.com › ... › Risk Advisory
27 mai 2024 — Les outils MRV ( monitoring, reporting, verification ) au service des stratégies de décarbonation des entreprises de l'agro.",Monitor* AND Report* AND Verif* AND MRV AND soil*,2,2,SEO,Non,deloitte,www.deloitte.com,10/02/25
http://openknowledge.fao.org/items/690c5092-b85c-44b5-a1de-e442c9eb9b20,"A protocol for measurement, monitoring, reporting and ...","A protocol for measurement, monitoring, reporting and ...
FAO Knowledge Repository
http://openknowledge.fao.org › ite...
·
Traduire cette page
10 déc. 2020 — A protocol for measurement, monitoring, reporting and verification of soil organic carbon in agricultural landscapes – GSOC-MRV Protocol.",Monitor* AND Report* AND Verif* AND MRV AND soil*,2,3,SEO,Non,fao,openknowledge.fao.org,10/02/25
https://www.senken.io/glossary/mrv-and-digital-mrv,"MRV and Digital MRV (Monitoring, Reporting, and ...","MRV and Digital MRV (Monitoring, Reporting, and ...
Senken
https://www.senken.io › glossary › mrv-and-digital-mrv
5 févr. 2024 — MRV stands for Monitoring, Reporting, and Verification. It is one of the cornerstones of environmental management.",Monitor* AND Report* AND Verif* AND MRV AND soil*,2,4,SEO,Non,senken,www.senken.io,10/02/25
https://sciencebasedtargets.org/measurement-reporting-and-verification-mrv,"Measurement, reporting and verification (MRV)","Measurement, reporting and verification (MRV)
Science Based Targets Initiative
https://sciencebasedtargets.org › m...
·
Traduire cette page
The Science Based Targets initiative's Progress Framework will advance our work on measurement, reporting and verification (MRV) of science-based targets.",Monitor* AND Report* AND Verif* AND MRV AND soil*,2,5,SEO,Non,sciencebasedtargets,sciencebasedtargets.org,10/02/25
https://www.forestcarbonpartnership.org/measurement-reporting-and-verification-mrv,"Measurement, Reporting and Verification (MRV)","Measurement, Reporting and Verification (MRV)
Forest Carbon Partnership Facility
https://www.forestcarbonpartnership.org › ...
·
Traduire cette page
The FCPF supports countries on the development of a range of MRV and carbon accounting issues, including land-use change analysis, forest degradation analysis.",Monitor* AND Report* AND Verif* AND MRV AND soil*,2,6,SEO,Non,forestcarbonpartnership,www.forestcarbonpartnership.org,10/02/25
https://agritrop.cirad.fr/610556/1/Batjes2024%20Towards%20a%20modular%20multi-ecosystem%20monitoring%20reporting%20and%20verification%20MRV%20framework.pdf,"Towards a modular, multi-ecosystem monitoring, reporting ...","Towards a modular, multi-ecosystem monitoring, reporting ...
Agritrop
https://agritrop.cirad.fr › Batjes2024 Towards a ...
PDF
de NH Batjes · 2024 · Cité 4 fois — REVIEW ARTICLE. Towards a modular, multi-ecosystem monitoring, reporting and verification (MRV) framework for soil organic carbon stock change.
26 pages",Monitor* AND Report* AND Verif* AND MRV AND soil*,2,7,SEO,Non,cirad,agritrop.cirad.fr,10/02/25
https://hal.inrae.fr/hal-04221994v1/document,towards a MRV operational system for soil Carbon monitoring,"towards a MRV operational system for soil Carbon monitoring
Hal Inrae
https://hal.inrae.fr › document
PDF
28 sept. 2023 — Need for credible and reliable measurement/monitoring, reporting and verification (MRV) platforms, both for national reporting (NDCs) and for.",Monitor* AND Report* AND Verif* AND MRV AND soil*,2,8,SEO,Non,inrae,hal.inrae.fr,10/02/25
https://carbon180.medium.com/the-value-of-monitoring-soil-d45b0b5ca33c,The value of monitoring soil - Carbon180 - Medium,"The value of monitoring soil - Carbon180 - Medium
Medium · Carbon180
Plus de 160 ""J'aime"" · il y a 5 ans
Building that confidence depends on having trusted monitoring, reporting, and verification, or “MRV” protocols, that are both cheap and ...",Monitor* AND Report* AND Verif* AND MRV AND soil*,2,9,SEO,Non,medium,carbon180.medium.com,10/02/25
https://www.icos-cp.eu/fluxes/3,MRV: A critical tool for tracking emissions and accelerating ...,"MRV: A critical tool for tracking emissions and accelerating ...
ICOS - Integrated Carbon Observation System
https://www.icos-cp.eu › fluxes
·
Traduire cette page
An essential tool to help decision-makers assess progress towards a net zero world: science-based Monitoring, Reporting and Verification (MRV) systems.",Monitor* AND Report* AND Verif* AND MRV AND soil*,2,10,SEO,Non,icos-cp,www.icos-cp.eu,10/02/25
https://www.youtube.com/watch?v=EV8ZpDoJ59I,"What are Monitoring, Reporting and Verification (MRV)?","What are Monitoring, Reporting and Verification (MRV)?
YouTube · Pacific Community
Plus de 1,3 k vues · il y a 1 an
2:17
Monitoring, Reporting and Verification, or MRV, is a process used to collect and analyse greenhouse gas emissions data and other related ...",Monitor* AND Report* AND Verif* AND MRV AND soil*,3,1,SEO,Non,youtube,www.youtube.com,10/02/25
https://www.agmrv.org/,"AgMRV - Measurement, Reporting & Verification for Agriculture","AgMRV - Measurement, Reporting & Verification for Agriculture
MRV Platform for Agriculture
https://www.agmrv.org
·
Traduire cette page
Resources and guidance for Measurement, Reporting & Verification of greenhouse gas emissions and mitigation in agriculture.",Monitor* AND Report* AND Verif* AND MRV AND soil*,3,2,SEO,Non,agmrv,www.agmrv.org,10/02/25
https://agritrop.cirad.fr/610556,"Towards a modular, multi-ecosystem monitoring, reporting ...","Towards a modular, multi-ecosystem monitoring, reporting ...
Agritrop
https://agritrop.cirad.fr › ...
de NH Batjes · 2024 · Cité 4 fois — Towards a modular, multi-ecosystem monitoring, reporting and verification (MRV) framework for soil organic carbon stock change assessment. Batjes Niels H ...",Monitor* AND Report* AND Verif* AND MRV AND soil*,3,3,SEO,Non,cirad,agritrop.cirad.fr,10/02/25
https://theoutcomesfund.com/in-the-news/mrv-role-swof,Building Trust: The Role of MRV in the Soil and Water ...,"Building Trust: The Role of MRV in the Soil and Water ...
Soil and Water Outcomes Fund
https://theoutcomesfund.com › mr...
·
Traduire cette page
9 oct. 2024 — What is MRV? MRV stands for Monitoring, Reporting, and Verification, and it forms the backbone of the Soil and Water Outcomes Fund.",Monitor* AND Report* AND Verif* AND MRV AND soil*,3,4,SEO,Non,theoutcomesfund,theoutcomesfund.com,10/02/25
https://pubmed.ncbi.nlm.nih.gov/39213843/,"Solutions and insights for agricultural monitoring, reporting ...","Solutions and insights for agricultural monitoring, reporting ...
National Institutes of Health (NIH) (.gov)
https://pubmed.ncbi.nlm.nih.gov › ...
·
Traduire cette page
de CD Brummitt · Cité 1 fois — Solutions and insights for agricultural monitoring, reporting, and verification (MRV) from three consecutive issuances of soil carbon credits.",Monitor* AND Report* AND Verif* AND MRV AND soil*,3,5,SEO,Non,nih,pubmed.ncbi.nlm.nih.gov,10/02/25
https://canza.ca/framework-for-building-a-monitoring-measurement-reporting-and-verification-mrv-system-for-soil-organic-carbon-november-2023/,"Framework for Building a Monitoring, Measurement, Reporting ...","Framework for Building a Monitoring, Measurement, Reporting ...
canza.ca
https://canza.ca › framework-for-...
·
Traduire cette page
This report provides an overview of CANZA's approach to developing a Monitoring, Measurement, Reporting and Verification (MRV) system.",Monitor* AND Report* AND Verif* AND MRV AND soil*,3,6,SEO,Non,canza,canza.ca,10/02/25
https://openknowledge.fao.org/server/api/core/bitstreams/c6d1293d-2f14-410f-ab3d-e30fc21fd95c/content,"Monitoring, reporting, and verification of soil carbon ...","Monitoring, reporting, and verification of soil carbon ...
Food and Agriculture Organization
https://openknowledge.fao.org › core › content
PDF
23 mars 2017 — This presentation provides an overview of the current reporting of SOC sequestration in Canada and challenges and opportunities for improving ...",Monitor* AND Report* AND Verif* AND MRV AND soil*,3,7,SEO,Non,fao,openknowledge.fao.org,10/02/25
https://www.uncclearn.org/wp-content/uploads/library/undp-lecb-measurement-reporting-mrv-technical-paper-201x.pdf,"MEASUREMENT, REPORTING AND VERIFICATION (MRV ...","MEASUREMENT, REPORTING AND VERIFICATION (MRV ...
UNCC:Learn
https://www.uncclearn.org › uploads › library
PDF
Measurement, reporting and verification (MRV) is foundational to our global response to climate change. MRV enables countries to meet international ...",Monitor* AND Report* AND Verif* AND MRV AND soil*,3,8,SEO,Non,uncclearn,www.uncclearn.org,10/02/25
https://www.sciencedirect.com/science/article/abs/pii/S1462901122003768,"A monitoring, reporting and verification system for low ...","A monitoring, reporting and verification system for low ...
ScienceDirect.com
https://www.sciencedirect.com › pii
·
Traduire cette page
de B Perosa · 2023 · Cité 26 fois — The goal of this paper is to explore the opportunities and challenges of developing a large scale MRV system for low carbon agriculture in Brazil.",Monitor* AND Report* AND Verif* AND MRV AND soil*,3,9,SEO,Non,sciencedirect,www.sciencedirect.com,10/02/25
https://ilvo.vlaanderen.be/en/research-projects/developing-and-testing-a-framework-for-the-design-of-harmonized-context-specific-monitoring-reporting-and-verification-systems-for-soil-carbon-and-greenhouse-gas-balances-by-agricultural-activities,"Monitoring, reporting and verifying carbon and greenhouse ...","Monitoring, reporting and verifying carbon and greenhouse ...
ILVO Vlaanderen
https://ilvo.vlaanderen.be › develo...
·
Traduire cette page
1 juin 2023 — General introduction. How can we properly and efficiently monitor, report and verify changes in carbon stocks in European soils (and in ...",Monitor* AND Report* AND Verif* AND MRV AND soil*,3,10,SEO,Non,vlaanderen,ilvo.vlaanderen.be,10/02/25
https://research.wur.nl/en/publications/monitoring-reporting-verification-mrv-methods-for-soil-carbon,Monitoring Reporting Verification (MRV) Methods for Soil ...,"Monitoring Reporting Verification (MRV) Methods for Soil ...
Research@WUR
https://research.wur.nl › publications
·
Traduire cette page
de PJ Kuikman · 2020 — Monitoring Reporting Verification (MRV) Methods for Soil Carbon. P.J. Kuikman. Sustainable Soil Use · WIMEK. Research output: Non-textual form › Digital or ...",Monitor* AND Report* AND Verif* AND MRV AND soil*,4,1,SEO,Non,wur,research.wur.nl,10/02/25
https://terramatchsupport.zendesk.com/hc/en-us/articles/13679133562395-Monitoring-Reporting-and-Verification-Process,"Monitoring, Reporting, and Verification Process","Monitoring, Reporting, and Verification Process
Zendesk
https://terramatchsupport.zendesk.com › ...
·
Traduire cette page
27 mars 2023 — Monitoring, Reporting, and Verification (MRV) on TerraMatch · For project developers to submit three types of reports (site, nursery, and project) ...",Monitor* AND Report* AND Verif* AND MRV AND soil*,4,2,SEO,Non,zendesk,terramatchsupport.zendesk.com,10/02/25
https://gi.copernicus.org/articles/11/93/2022/,"Towards agricultural soil carbon monitoring, reporting, and ...","Towards agricultural soil carbon monitoring, reporting, and ...
Copernicus.org
https://gi.copernicus.org › articles
·
Traduire cette page
de O Nevalainen · 2021 · Cité 29 fois — Better monitoring, reporting, and verification (MRV) of the amount, additionality, and persistence of the sequestered soil carbon is needed ...",Monitor* AND Report* AND Verif* AND MRV AND soil*,4,3,SEO,Non,copernicus,gi.copernicus.org,10/02/25
https://www.horizon-europe.gouv.fr/development-high-spatial-resolution-monitoring-approaches-and-geographically-explicit-registry,Development of high spatial-resolution monitoring ...,"Development of high spatial-resolution monitoring ...
Horizon-europe.gouv.fr
https://www.horizon-europe.gouv.fr › ...
·
Traduire cette page
Deliver guidance (e.g. manuals) for policymakers and certification bodies on soil monitoring, reporting and verification (MRV), data collection protocols, and ...",Monitor* AND Report* AND Verif* AND MRV AND soil*,4,4,SEO,Non,horizon-europe,www.horizon-europe.gouv.fr,10/02/25
https://pureportal.ilvo.be/en/publications/monitoring-reporting-and-verification-mrv-for-carbon-farming,"Monitoring, Reporting and Verification (MRV) for carbon ...","Monitoring, Reporting and Verification (MRV) for carbon ...
Vlaanderen.be
https://pureportal.ilvo.be › monitor...
·
Traduire cette page
de G Ruysschaert · 2024 — Dive into the research topics of 'Monitoring, Reporting and Verification (MRV) for carbon farming'. Together they form a unique fingerprint.",Monitor* AND Report* AND Verif* AND MRV AND soil*,4,5,SEO,Non,ilvo,pureportal.ilvo.be,10/02/25
https://www.researchgate.net/publication/380999053_Designing_Monitoring_Reporting_Verification_for_promoting_healthy_soils,Designing Monitoring Reporting Verification for promoting ...,"Designing Monitoring Reporting Verification for promoting ...
ResearchGate
https://www.researchgate.net › 38...
·
Traduire cette page
Its objectives are 1) to test and define indicators for soil health and 2) support their implementation with different tools, across various scales and land ...",Monitor* AND Report* AND Verif* AND MRV AND soil*,4,6,SEO,Non,researchgate,www.researchgate.net,10/02/25
https://www.iisd.org/system/files/publications/mrv_bibliography.pdf,"Measurement, Reporting and Verification: A note on the ...","Measurement, Reporting and Verification: A note on the ...
International Institute for Sustainable Development
https://www.iisd.org › files › mrv_bibliography
PDF
The Concept: MRV. What is it? And Where Did it Come From? MRV stands for “measuring,” “reporting” and “verifying.” MRV refers to processes whereby factual ...",Monitor* AND Report* AND Verif* AND MRV AND soil*,4,7,SEO,Non,iisd,www.iisd.org,10/02/25
https://www.lse.ac.uk/granthaminstitute/publication/towards-improved-cost-estimates-for-monitoring-reporting-and-verification-of-carbon-dioxide-removal/,"Towards improved cost estimates for monitoring, reporting ...","Towards improved cost estimates for monitoring, reporting ...
LSE
https://www.lse.ac.uk › publication
·
Traduire cette page
24 oct. 2024 — Monitoring, reporting and verification (MRV) is a central component of the governance architecture. This report examines the cost of MRV for ...",Monitor* AND Report* AND Verif* AND MRV AND soil*,4,8,SEO,Non,lse,www.lse.ac.uk,10/02/25
https://www.adaptation-undp.org/scala-briefing-note-transparency-monitoring-reporting-verification-and-monitoring-evaluation,"Briefing note: Transparency, Monitoring, Reporting ...","Briefing note: Transparency, Monitoring, Reporting ...
UNDP Climate Change Adaptation
https://www.adaptation-undp.org › ...
·
Traduire cette page
This brief explains the context and recommended approach to designing work under the SCALA programme Activity 2.1.2: Improve/develop measuring, reporting and ...",Monitor* AND Report* AND Verif* AND MRV AND soil*,4,9,SEO,Non,adaptation-undp,www.adaptation-undp.org,10/02/25
https://unfccc.int/files/national_reports/annex_i_natcom_/application/pdf/non-annex_i_mrv_handbook.pdf,"MEASUREMENT, REPORTING AND VERIFICATION","MEASUREMENT, REPORTING AND VERIFICATION
UNFCCC
https://unfccc.int › non-annex_i_mrv_handbook
PDF
The Bali Action Plan in- troduced the principle of measurement, reporting and verification (MRV) for both developed and developing country Parties in the ...",Monitor* AND Report* AND Verif* AND MRV AND soil*,4,10,SEO,Non,unfccc,unfccc.int,10/02/25
https://www.amazon.fr/Measurement-Monitoring-Verification-Agricultural-Landscapes/dp/925133126X,"A Protocol for Measurement, Monitoring, Reporting and ...","A Protocol for Measurement, Monitoring, Reporting and ...
Amazon
https://www.amazon.fr › Measurement-Monitoring-Veri...
The Global Soil Organic Carbon- Monitoring, Reporting and Verification (GSOC-MRV) protocol has been developed through an inclusive and active process involving ...",Monitor* AND Report* AND Verif* AND MRV AND soil*,5,1,SEO,Non,amazon,www.amazon.fr,10/02/25
https://openknowledge.worldbank.org/entities/publication/65c60731-7b65-5ab6-a083-9c4243183607,"Digital Monitoring, Reporting, and Verification Systems and ...","Digital Monitoring, Reporting, and Verification Systems and ...
World Bank Open Knowledge Repository
https://openknowledge.worldbank.org › ...
·
Traduire cette page
31 mai 2022 — Section 1 of the report makes the case for transitioning from a conventional monitoring, reporting, and verification (MRV) system to a D-MRV ...",Monitor* AND Report* AND Verif* AND MRV AND soil*,5,2,SEO,Non,worldbank,openknowledge.worldbank.org,10/02/25
https://www.youtube.com/watch?v=13sK_GoaiVk,Monitoring Reporting Verification (MRV) Methods for Soil ...,"Monitoring Reporting Verification (MRV) Methods for Soil ...
YouTube · CIRCASA Consortium
Plus de 3,3 k vues · il y a 5 ans
1:16:14
Different existing methods to monitor soil carbon sequestration in France and at international level. Carbon budget, remote sensing ...
10 moments clés dans cette vidéo",Monitor* AND Report* AND Verif* AND MRV AND soil*,5,3,SEO,Non,youtube,www.youtube.com,10/02/25
https://dial.uclouvain.be/memoire/ucl/en/object/thesis%3A46424,"Cost comparison of different monitoring, reporting and ...","Cost comparison of different monitoring, reporting and ...
DIAL@UCLouvain
https://dial.uclouvain.be › object
·
Traduire cette page
de N Gayot — This model highlights the main cost factors of MRV systems and compare four types of monitoring, based respectively on decision-support tools, soil models, ...",Monitor* AND Report* AND Verif* AND MRV AND soil*,5,4,SEO,Non,uclouvain,dial.uclouvain.be,10/02/25
https://research.american.edu/carbonremoval/tag/reporting-and-verification-mrv/,Tag: reporting and verification (MRV),"Tag: reporting and verification (MRV)
American University
https://research.american.edu › rep...
·
Traduire cette page
21 nov. 2023 — The study introduces a new tool to monitor and verify ERW sequestration. The approach seeks to measure differences in concentrations of ERW feedstock pre- and ...",Monitor* AND Report* AND Verif* AND MRV AND soil*,5,5,SEO,Non,american,research.american.edu,10/02/25
https://figshare.com/articles/dataset/Dataset_Solutions_and_Insights_for_Agricultural_Monitoring_Reporting_and_Verification_MRV_from_Three_Consecutive_Issuances_of_Soil_Carbon_Credits/26831929,Dataset: Solutions and Insights for Agricultural Monitoring ...,"Dataset: Solutions and Insights for Agricultural Monitoring ...
Figshare
https://figshare.com › articles › dataset › Dataset_Soluti...
26 août 2024 — ... Reporting, and Verification (MRV) from Three Consecutive Issuances of Soil Carbon Credits. ... Monitoring, Reporting, and Verification (MRV) ...",Monitor* AND Report* AND Verif* AND MRV AND soil*,5,6,SEO,Non,figshare,figshare.com,10/02/25
https://pureportal.ilvo.be/en/publications/monitoring-reporting-and-verification-mrv-for-carbon-farming/projects/?status=RUNNING,"Monitoring, Reporting and Verification (MRV) for carbon ...","Monitoring, Reporting and Verification (MRV) for carbon ...
Vlaanderen.be
https://pureportal.ilvo.be › projects
·
Traduire cette page
Monitoring, Reporting and Verification (MRV) for carbon farming · Projects · Search results.",Monitor* AND Report* AND Verif* AND MRV AND soil*,5,7,SEO,Non,ilvo,pureportal.ilvo.be,10/02/25
https://assets.publishing.service.gov.uk/media/616ff952e90e071975128214/mrv-ggrs-task-report.pdf,"Monitoring, Reporting and Verification of Greenhouse Gas ...","Monitoring, Reporting and Verification of Greenhouse Gas ...
GOV.UK
https://assets.publishing.service.gov.uk › media
PDF
BEIS convened a GGR monitoring, reporting and verification (MRV) Task and Finish Group ... measurement of soil composition in terms of soil quality and carbon ...",Monitor* AND Report* AND Verif* AND MRV AND soil*,5,8,SEO,Non,service,assets.publishing.service.gov.uk,10/02/25
https://www2.cifor.org/swamp-resources/PDF/D2_MRV_wetlands.pdf,"Topic D2. Monitoring, Reporting and Verification (MRV) for ...","Topic D2. Monitoring, Reporting and Verification (MRV) for ...
cifor-icraf
https://www2.cifor.org › D2_MRV_wetlands
PDF
In general, measurements are expected to generate activity data. (AD) involving land-use change over a period of time, and emission factors (EF) indicating.",Monitor* AND Report* AND Verif* AND MRV AND soil*,5,9,SEO,Non,cifor,www2.cifor.org,10/02/25
https://www.senken.io/glossary/mrv-and-digital-mrv,"MRV and Digital MRV (Monitoring, Reporting, and ...","MRV and Digital MRV (Monitoring, Reporting, and ...
Senken
https://www.senken.io › glossary › mrv-and-digital-mrv
5 févr. 2024 — MRV stands for Monitoring, Reporting, and Verification. It is one of the cornerstones of environmental management.",Monitor* AND Report* AND Verif* AND MRV AND soil*,5,10,SEO,Non,senken,www.senken.io,10/02/25
https://www.unique-landuse.de/en/projects/21005-agriculture-monitoring-reporting-and-verification/,"Agriculture Monitoring, Reporting and Verification","Agriculture Monitoring, Reporting and Verification
unique land use
https://www.unique-landuse.de › ...
·
Traduire cette page
However, the monitoring, reporting and verification (MRV) for agriculture ... monitoring of emissions from agricultural soils and livestock. Due to ...",Monitor* AND Report* AND Verif* AND MRV AND soil*,6,1,SEO,Non,unique-landuse,www.unique-landuse.de,10/02/25
https://gotriple.eu/fr/projects/horizon%3A101112754,"Monitoring, Reporting and Verification of Soil Organic ...","Monitoring, Reporting and Verification of Soil Organic ...
GoTriple
https://gotriple.eu › projects › hori...
·
Traduire cette page
The proposed approach will help establish reliable and transparent C farming credits within a cost-effective monitoring, reporting, and verification (MRV) ...",Monitor* AND Report* AND Verif* AND MRV AND soil*,6,2,SEO,Non,gotriple,gotriple.eu,10/02/25
https://www.wur.nl/en/value-creation-cooperation/redd-research-network-for-science-policy-and-services/expertise/monitoring-reporting-and-verification-mrv-1.htm,"Monitoring, reporting and verification (MRV)","Monitoring, reporting and verification (MRV)
WUR
https://www.wur.nl › ... › Expertise
'This demands monitoring, reporting and verification (MRV) systems,' explains Martin Herold, Professor of Remote sensing at the Laboratory for Geo-Information ...",Monitor* AND Report* AND Verif* AND MRV AND soil*,6,3,SEO,Non,wur,www.wur.nl,10/02/25
https://aider.com.pe/wp-content/uploads/2023/03/Propuesta-de-MRV-ingles.pdf,"AGROFORESTRY MONITORING, REPORTING AND ... - AIDER","AGROFORESTRY MONITORING, REPORTING AND ... - AIDER
aider.com.pe
https://aider.com.pe › Propuesta-de-MRV-ingles
PDF
MRV stands for monitoring, reporting and verification. It is a system that ... Figure 4. MRV's land use change reporting process. Land use change report.",Monitor* AND Report* AND Verif* AND MRV AND soil*,6,4,SEO,Non,aider,aider.com.pe,10/02/25
https://hal.science/hal-01621920,"Measurement, Reporting and Verification (MRV) of soil ...","Measurement, Reporting and Verification (MRV) of soil ...
Archive ouverte HAL
https://hal.science › hal-01621920
de M Bernoux · 2015 — Measurement, Reporting and Verification (MRV) of soil carbon. International Scientific Conference Our under Common Climate Future Change.",Monitor* AND Report* AND Verif* AND MRV AND soil*,6,5,SEO,Non,hal,hal.science,10/02/25
https://www.causeartist.com/monitoring-reporting-verification-mrv/,"Explained: Monitoring, Reporting, and Verification (MRV)","Explained: Monitoring, Reporting, and Verification (MRV)
Causeartist
https://www.causeartist.com › mo...
·
Traduire cette page
5 nov. 2024 — Explained: Monitoring, Reporting, and Verification (MRV) · Monitoring: The continuous tracking and measuring of specific environmental metrics, ...",Monitor* AND Report* AND Verif* AND MRV AND soil*,6,6,SEO,Non,causeartist,www.causeartist.com,10/02/25
https://decode6.org/articles/soil-carbon-measured-reported-verified/,"How Is Soil Carbon Measured, Reported, and Verified?","How Is Soil Carbon Measured, Reported, and Verified?
Decode 6
https://decode6.org › articles › soi...
·
Traduire cette page
8 janv. 2023 — As the saying goes, “You can't manage what you don't measure.” MRV is key for making sure that all programs seeking to decrease emissions or ...",Monitor* AND Report* AND Verif* AND MRV AND soil*,6,7,SEO,Non,decode6,decode6.org,10/02/25
https://theoutcomesfund.com/in-the-news/mrv-role-swof,Building Trust: The Role of MRV in the Soil and Water ...,"Building Trust: The Role of MRV in the Soil and Water ...
Soil and Water Outcomes Fund
https://theoutcomesfund.com › mr...
·
Traduire cette page
9 oct. 2024 — Monitoring, Reporting, and Verification (MRV) helps ensure enrolled farmers are producing environmental outcomes that can be quantified and ...",Monitor* AND Report* AND Verif* AND MRV AND soil*,6,8,SEO,Non,theoutcomesfund,theoutcomesfund.com,10/02/25
https://tandf.figshare.com/articles/dataset/Towards_a_modular_multi-ecosystem_monitoring_reporting_and_verification_MRV_framework_for_soil_organic_carbon_stock_change_assessment/27186738,"Towards a modular, multi-ecosystem monitoring, reporting ...","Towards a modular, multi-ecosystem monitoring, reporting ...
Figshare
https://tandf.figshare.com › articles › dataset › Towards...
8 oct. 2024 — Towards a modular, multi-ecosystem monitoring, reporting and verification (MRV) framework for soil organic carbon stock change assessment.",Monitor* AND Report* AND Verif* AND MRV AND soil*,6,9,SEO,Non,figshare,tandf.figshare.com,10/02/25
https://www.climatelinks.org/projects/low-emissions-opportunities-agriculture/measurement-reporting-and-verification-emissions-and-mitigation-livestock-and-agroforestry,"Measurement, Reporting and Verification for Emissions ...","Measurement, Reporting and Verification for Emissions ...
Climatelinks
https://www.climatelinks.org › me...
·
Traduire cette page
... measurement, reporting and verification (MRV) of climate change mitigation actions in the agriculture sector ... Strengthening land tenure and property rights.",Monitor* AND Report* AND Verif* AND MRV AND soil*,6,10,SEO,Non,climatelinks,www.climatelinks.org,10/02/25
https://www.isric.org/sites/default/files/SuppInfo_S4_Sources_consulted_with_URLs.pdf,"1 'Towards a modular, multi-ecosystem Monitoring, ...","1 'Towards a modular, multi-ecosystem Monitoring, ...
ISRIC — World Soil Information
https://www.isric.org › sites › default › files › Su...
PDF
Towards a modular, multi-ecosystem Monitoring, Reporting and Verification (MRV) approach for soil organic carbon stock change assessment Carbon Management, (in ...",Monitor* AND Report* AND Verif* AND MRV AND soil*,7,1,SEO,Non,isric,www.isric.org,10/02/25
https://ejpsoil.eu/soil-research/second-external-call-international-call,Second External Call - International Call,"Second External Call - International Call
EJP SOIL
https://ejpsoil.eu › ... › Research
·
Traduire cette page
This includes the appropriate monitoring, reporting and verification (MRV) platforms for soil organic carbon (SOC) to enhance preparedness and commitment of ...",Monitor* AND Report* AND Verif* AND MRV AND soil*,7,2,SEO,Non,ejpsoil,ejpsoil.eu,10/02/25
https://www.sustain-cert.com/documents/digital-measurement-reporting-verification/download,"Assessment of Digital Measurement, Reporting, and ...","Assessment of Digital Measurement, Reporting, and ...
SustainCERT
https://www.sustain-cert.com › download
PDF
The digitalization of monitoring, reporting, and verification (MRV) is lagging behind. ... Comparison with D-MRV. Ecosystem modeling for forestry biomass and soil.",Monitor* AND Report* AND Verif* AND MRV AND soil*,7,3,SEO,Non,sustain-cert,www.sustain-cert.com,10/02/25
https://www.natural-solutions.world/blog/biodiversity-measurement-reporting-and-verification-mrv,"Biodiversity Measurement, Reporting, and Verification (MRV)","Biodiversity Measurement, Reporting, and Verification (MRV)
natural-solutions.world
https://www.natural-solutions.world › ...
·
Traduire cette page
2 sept. 2024 — Biodiversity Measurement, Reporting, and Verification (MRV) systems are becoming the backbone of global efforts to protect our planet's rich ...",Monitor* AND Report* AND Verif* AND MRV AND soil*,7,4,SEO,Non,natural-solutions,www.natural-solutions.world,10/02/25
"https://www.aprilasia.com/sr2012/sustainability-report-2012/4-0-plantations/4-9-monitoring,-reporting-and-verification","4.9 Monitoring, Reporting and Verification","4.9 Monitoring, Reporting and Verification
APRIL Group
https://www.aprilasia.com › 4-9-...
·
Traduire cette page
The MRV assessment occurred every six months over the reporting period. This involved report analysis, field visits, discussion and verification of indicators ...",Monitor* AND Report* AND Verif* AND MRV AND soil*,7,5,SEO,Non,aprilasia,www.aprilasia.com,10/02/25
https://co2re.org/mrv-workshop-blog/,"Unlocking the challenges of Monitoring, Reporting and ...","Unlocking the challenges of Monitoring, Reporting and ...
CO₂RE - The Greenhouse Gas Removal Hub
https://co2re.org › mrv-workshop-...
·
Traduire cette page
17 nov. 2023 — Without accurate and transparent systems of monitoring, reporting and verification (MRV), it is not possible to track the deployment and ...",Monitor* AND Report* AND Verif* AND MRV AND soil*,7,6,SEO,Non,co2re,co2re.org,10/02/25
https://www.cesbio.cnrs.fr/agricarboneo/projects/orcasa/,ORCaSa – Carbon Farming & Monitoring,"ORCaSa – Carbon Farming & Monitoring
Cesbio
https://www.cesbio.cnrs.fr › projects
·
Traduire cette page
... monitoring, reporting and verification (MRV) system. To reach this overall ... Depending on the size of the area to be monitored, the availability of soil ...",Monitor* AND Report* AND Verif* AND MRV AND soil*,7,7,SEO,Non,cnrs,www.cesbio.cnrs.fr,10/02/25
https://www.linguee.com/english-french/translation/monitoring+reporting+and+verification+mrv.html,monitoring reporting and verification mrv - French translation,"monitoring reporting and verification mrv - French translation
Linguee
https://www.linguee.com › english-french › monitoring...
It also provides the basis for regular monitoring, reporting and verification (MRV) of those actions, contains a commitment for significant financing for ...",Monitor* AND Report* AND Verif* AND MRV AND soil*,7,8,SEO,Non,linguee,www.linguee.com,10/02/25
https://hal.inrae.fr/hal-02628961,"How to measure, report and verify soil carbon change ...","How to measure, report and verify soil carbon change ...
Hal Inrae
https://hal.inrae.fr › hal-02628961
·
Traduire cette page
Since soil organic carbon content of soils cannot be easily measured, a key barrier to implementing programmes to increase soil organic carbon at large scale, ...",Monitor* AND Report* AND Verif* AND MRV AND soil*,7,9,SEO,Non,inrae,hal.inrae.fr,10/02/25
https://carbondioxide-removal.eu/2024/10/16/batjes-et-al-2024-towards-a-modular-multi-ecosystem-monitoring-reporting-and-verification-mrv-framework-for-soil-organic-carbon-stock-change-assessment/,"Batjes et al. (2024): Towards a modular, multi-ecosystem ...","Batjes et al. (2024): Towards a modular, multi-ecosystem ...
carbondioxide-removal.eu
https://carbondioxide-removal.eu › ...
·
Traduire cette page
16 oct. 2024 — Batjes et al. (2024): Towards a modular, multi-ecosystem monitoring, reporting and verification (MRV) framework for soil organic carbon stock ...",Monitor* AND Report* AND Verif* AND MRV AND soil*,7,10,SEO,Non,carbondioxide-removal,carbondioxide-removal.eu,10/02/25
https://climateactiontransparency.org/resources/nigeria-jgit-mrv-framework-report/,Deliverable 4b. Final JGIT MRV Report.docx,"Deliverable 4b. Final JGIT MRV Report.docx
climateactiontransparency.org
https://climateactiontransparency.org › resources
PDF
The Just and Gender Inclusive Transition Monitoring, Reporting and Verification. Framework (JGIT MRV) for Nigeria's Oil and Gas and Agriculture sectors ...",Monitor* AND Report* AND Verif* AND MRV AND soil*,8,1,SEO,Non,climateactiontransparency,climateactiontransparency.org,10/02/25
https://soilhealthbenchmarks.eu/glossary/mrv-actors/,MRV Actors,"MRV Actors
Soil Health Benchmarks
https://soilhealthbenchmarks.eu › ...
·
Traduire cette page
4 août 2023 — MRV actors are companies, institutions or initiatives conducting Monitoring, Reporting and Verification (MRV) activities.",Monitor* AND Report* AND Verif* AND MRV AND soil*,8,2,SEO,Non,soilhealthbenchmarks,soilhealthbenchmarks.eu,10/02/25
https://www.un-redd.org/sites/default/files/2021-10/NFMS-V02-web.pdf,National Forest Monitoring Systems,"National Forest Monitoring Systems
UNREDD Programme
https://www.un-redd.org › files › NFMS-V02-web
PDF
Programme approach to Monitoring and Measurement, Reporting and Verification (M & MRV) requirements. ... Monitoring and MRV Phases. Satellite Land Monitoring.",Monitor* AND Report* AND Verif* AND MRV AND soil*,8,3,SEO,Non,un-redd,www.un-redd.org,10/02/25
https://4430549.fs1.hubspotusercontent-na1.net/hubfs/4430549/05.%20Marketing%20Content/Thought%20Leadership%20and%20Whitepapers/What%20is%20an%20(M)MRV%20for%20Agriculture%2C%20and%20Why%20Do%20I%20Need%20One%3F.pdf,"What is an (M)MRV for Agriculture, and Why Do I Need One?","What is an (M)MRV for Agriculture, and Why Do I Need One?
hubspotusercontent-na1.net
https://4430549.fs1.hubspotusercontent-na1.net › ...
PDF
MRV, MMRV and/or dMRV all refer to this process: the measurement, reporting and verification of ecosystem practices and outcomes on the farm. • MRV. Monitoring ...",Monitor* AND Report* AND Verif* AND MRV AND soil*,8,4,SEO,Non,hubspotusercontent-na1,4430549.fs1.hubspotusercontent-na1.net,10/02/25
https://untalent.org/jobs/monitoring-reporting-and-verification-mrv-land-use-land-use-change-and-forestry-lulucf-expert,"Monitoring, Reporting and Verification (MRV) Land Use, ...","Monitoring, Reporting and Verification (MRV) Land Use, ...
UN Talent
https://untalent.org › jobs › monito...
·
Traduire cette page
14 oct. 2024 — ... Apply before Monday 14 Oct 2024 - Full title: Monitoring, Reporting and Verification (MRV) Land Use, Land-use Change and Forestry (LULUCF)",Monitor* AND Report* AND Verif* AND MRV AND soil*,8,5,SEO,Non,untalent,untalent.org,10/02/25
https://wwflac.awsassets.panda.org/downloads/a_guide_to_community_based_monitoring__reporting_and_verification___final_design.pdf,"A GUIDE TO COMMUNITY-BASED MONITORING, ...","A GUIDE TO COMMUNITY-BASED MONITORING, ...
Panda.org
https://wwflac.awsassets.panda.org › downloads
PDF
Monitoring, Reporting and Verification (MRV) at the community level is an ... Ground-verification. Ground-truthing of forest changes detected by satellite ...",Monitor* AND Report* AND Verif* AND MRV AND soil*,8,6,SEO,Non,panda,wwflac.awsassets.panda.org,10/02/25
https://production-new-commonwealth-files.s3.eu-west-2.amazonaws.com/migrated/inline/MRV%20Zambia_UPDF.pdf,"Monitoring, Reporting and Verification (MRV) of Climate ...","Monitoring, Reporting and Verification (MRV) of Climate ...
Amazon Web Services (AWS)
https://production-new-commonwealth-files.s3.eu-west-2.amazonaws.com › ...
PDF
6 \ Monitoring, Reporting and Verification (MRV) of Climate Finance for Zambia. Other Land Use (AFOLU). The top emission sinks are the forest woodlands ...",Monitor* AND Report* AND Verif* AND MRV AND soil*,8,7,SEO,Non,amazonaws,production-new-commonwealth-files.s3.eu-west-2.amazonaws.com,10/02/25
https://transparency-partnership.net/sites/default/files/mrv_101_0.pdf,"MRV 101: UNDERSTANDING MEASUREMENT, ...","MRV 101: UNDERSTANDING MEASUREMENT, ...
Partnership on Transparency in the Paris Agreement
https://transparency-partnership.net › default › files
PDF
de N SINGH · Cité 55 fois — MRV of mitigation actions includes estimating, reporting, and verifying their GHG and sustainable development effects, as well as monitoring their ...",Monitor* AND Report* AND Verif* AND MRV AND soil*,8,8,SEO,Non,transparency-partnership,transparency-partnership.net,10/02/25
https://www.ics-shipping.org/resource/ics-guidance-on-eu-mrv/,EUROPEAN UNION MRV REGULATION Guidance for ...,"EUROPEAN UNION MRV REGULATION Guidance for ...
International Chamber of Shipping
https://www.ics-shipping.org › resource › ics-gui...
PDF
The European Union (EU) MRV Regulation (Regulation (EU) 2015/757 on the monitoring, reporting and verification of carbon dioxide emissions from maritime.",Monitor* AND Report* AND Verif* AND MRV AND soil*,8,9,SEO,Non,ics-shipping,www.ics-shipping.org,10/02/25
https://cgspace.cgiar.org/items/47d02368-a53b-4bad-bfad-dc3d73e01126,"How to measure, report and verify soil carbon change to ...","How to measure, report and verify soil carbon change to ...
CGSpace
https://cgspace.cgiar.org › items
·
Traduire cette page
de P Smith · 2020 · Cité 585 fois — ... soil organic carbon at large scale, is the need for credible and reliable measurement/monitoring, reporting and verification (MRV) platforms, both for ...",Monitor* AND Report* AND Verif* AND MRV AND soil*,8,10,SEO,Non,cgiar,cgspace.cgiar.org,10/02/25
https://careers.un.org/jobSearchDescription/244530,"Monitoring, Reporting and Verification (MRV) Land Use, Land ...","Monitoring, Reporting and Verification (MRV) Land Use, Land ...
UN Careers
https://careers.un.org › jobSearchD...
·
Traduire cette page
29 sept. 2024 — Monitoring, Reporting and Verification (MRV) Land Use, Land-use Change and Forestry (LULUCF) Expert ... Sorry, this job opening is no longer ...",Monitor* AND Report* AND Verif* AND MRV AND soil*,9,1,SEO,Non,un,careers.un.org,10/02/25
https://www.ebrd.com/digitised-mrv-protocol.html,Protocol for Digitalised MRV,"Protocol for Digitalised MRV
European Bank for Reconstruction and Development (EBRD)
https://www.ebrd.com › digitised-...
·
Traduire cette page
Robust monitoring, reporting and verification (MRV) frameworks are a cornerstone underpinning and facilitating impactful climate action across the globe.",Monitor* AND Report* AND Verif* AND MRV AND soil*,9,2,SEO,Non,ebrd,www.ebrd.com,10/02/25
https://www.soilcapital.com/news/everything-about-soil-capitals-carbon-certificates,Everything about Soil Capital's Regen Ag transition ...,"Everything about Soil Capital's Regen Ag transition ...
Soil Capital
https://www.soilcapital.com › news
·
Traduire cette page
2 août 2023 — Monitoring, Reporting, and Verification (MRV)1 methodology. MRV is what warrants the environmental impact of a specific mitigation activity ...",Monitor* AND Report* AND Verif* AND MRV AND soil*,9,3,SEO,Non,soilcapital,www.soilcapital.com,10/02/25
https://gggi.org/workshop-on-lao-pdrs-monitoring-reporting-and-verification-mrv-system/,"Workshop on Lao PDR's Monitoring, Reporting and ...","Workshop on Lao PDR's Monitoring, Reporting and ...
GGGI - Global Green Growth Institute
https://gggi.org › workshop-on-la...
·
Traduire cette page
Workshop on Lao PDR's Monitoring, Reporting and Verification (MRV) System ... land-use, and waste) in a centralized system, the workshop participants ...",Monitor* AND Report* AND Verif* AND MRV AND soil*,9,4,SEO,Non,gggi,gggi.org,10/02/25
https://www.carbon-drawdown.de/blog/2023-5-17-monitoring-co2-concentrations-in-soil-gas-a-novel-mrv-approach-for-cropland-based-erw,Monitoring CO₂ Concentrations in Soil Gas: A Novel MRV ...,"Monitoring CO₂ Concentrations in Soil Gas: A Novel MRV ...
Carbon Drawdown Initiative
https://www.carbon-drawdown.de › ...
·
Traduire cette page
17 mai 2023 — ... MRV (monitoring, reporting and verification) of ERW. This approach may also enable a faster collection of the large datasets that are needed ...",Monitor* AND Report* AND Verif* AND MRV AND soil*,9,5,SEO,Non,carbon-drawdown,www.carbon-drawdown.de,10/02/25
https://blog.eagronom.com/how-do-i-get-carbon-credits-mrv,"How do I get carbon credits? MRV: Measurement, reporting ...","How do I get carbon credits? MRV: Measurement, reporting ...
eAgronom
https://blog.eagronom.com › how...
·
Traduire cette page
22 juin 2022 — A protocol for measurement, monitoring, reporting and verification of soil organic carbon in agricultural landscapes – GSOC-MRV Protocol.",Monitor* AND Report* AND Verif* AND MRV AND soil*,9,6,SEO,Non,eagronom,blog.eagronom.com,10/02/25
https://business.esa.int/projects/eo4carbonfarming,EO4CarbonFarming,"EO4CarbonFarming
ESA Space Solutions
https://business.esa.int › projects
·
Traduire cette page
29 oct. 2024 — ... monitoring, reporting and verification ... The EO4CarbonFarming MRV Tool includes functionalities to monitor the carbon in plant and soil ...",Monitor* AND Report* AND Verif* AND MRV AND soil*,9,7,SEO,Non,esa,business.esa.int,10/02/25
https://biodiversitylinks.org/projects/completed-projects/forest-carbon-markets-and-communities-fcmc-project/task-areas/mrv,"Measurement, Reporting and Verification (MRV)","Measurement, Reporting and Verification (MRV)
BiodiversityLinks
https://biodiversitylinks.org › mrv
·
Traduire cette page
Measurement, Reporting and Verification (MRV). mrv. The FCMC task on ... land use inventory and their measurement, reporting and verification systems.",Monitor* AND Report* AND Verif* AND MRV AND soil*,9,8,SEO,Non,biodiversitylinks,biodiversitylinks.org,10/02/25
https://redd.nres.gov.my/mrv-framework/,MRV Framework - REDD PLUS - NRES,"MRV Framework - REDD PLUS - NRES
Kementerian Sumber Asli dan Kelestarian Alam
https://redd.nres.gov.my › mrv-fra...
·
Traduire cette page
Measurement, Reporting and Verification (MRV) Framework ... The Decision 2/CP.15 of the UNFCCC countries are requested to develop national forest monitoring ...",Monitor* AND Report* AND Verif* AND MRV AND soil*,9,9,SEO,Non,nres,redd.nres.gov.my,10/02/25
https://www.international-climate-initiative.com/en/project/capacity-development-for-a-monitoring-reporting-and-verification-mrv-system-in-tuerkiye-11-i-009-tur-g-kohlenstoffmarkt/,"Capacity development for a monitoring, reporting and ...","Capacity development for a monitoring, reporting and ...
Internationale Klimaschutzinitiative (IKI)
https://www.international-climate-initiative.com › ...
·
Traduire cette page
21 oct. 2024 — Capacity development for a monitoring, reporting and verification (MRV) system in Türkiye ... The monitoring of greenhouse gas emissions is ...",Monitor* AND Report* AND Verif* AND MRV AND soil*,9,10,SEO,Non,international-climate-initiative,www.international-climate-initiative.com,10/02/25
https://www.seqana.com/,Seqana: Leading in Soil Carbon MRV and cost-efficient ...,"Seqana: Leading in Soil Carbon MRV and cost-efficient ...
Seqana
https://www.seqana.com
·
Traduire cette page
... soil carbon monitoring, reporting, and verification (MRV) tools for regenerative agriculture. We enable change-makers to combat the effects of climate ...",Monitor* AND Report* AND Verif* AND MRV AND soil*,10,1,SEO,Non,seqana,www.seqana.com,10/02/25
https://ieaghg.org/publications/measurement-reporting-and-verification-and-accounting-for-carbon-dioxide-removal/,"Measurement, reporting and verification for carbon dioxide ...","Measurement, reporting and verification for carbon dioxide ...
IEAGHG
https://ieaghg.org › publications
·
Traduire cette page
15 oct. 2024 — For CDR methods such as soil organic carbon (SOC), enhanced weathering (EW) and ocean-based CDR, challenges persist for monitoring CO2 flux ...",Monitor* AND Report* AND Verif* AND MRV AND soil*,10,2,SEO,Non,ieaghg,ieaghg.org,10/02/25
https://mission-innovation.net/wp-content/uploads/2024/12/2024-12_CDR-Mission-MRV-Report.pdf,"Measurement, Reporting and Verification (MRV) for ...","Measurement, Reporting and Verification (MRV) for ...
Mission Innovation
https://mission-innovation.net › uploads › 2024/12
PDF
2 déc. 2024 — This report reviews the current state of national Carbon Dioxide Removal (CDR) policies and their development in measurement (monitoring), ...",Monitor* AND Report* AND Verif* AND MRV AND soil*,10,3,SEO,Non,mission-innovation,mission-innovation.net,10/02/25
https://ui.adsabs.harvard.edu/abs/2017EGUGA..19.3700T/abstract,"Monitoring, Reporting and Verification (MRV) of drainage ...","Monitoring, Reporting and Verification (MRV) of drainage ...
Harvard University
https://ui.adsabs.harvard.edu › abs
·
Traduire cette page
de B Tiemeyer · 2017 — Monitoring, Reporting and Verification (MRV) of drainage and rewetting of organic soils in national greenhouse gas inventories ... land-use and organic soil ...",Monitor* AND Report* AND Verif* AND MRV AND soil*,10,4,SEO,Non,harvard,ui.adsabs.harvard.edu,10/02/25
https://www.ukpact.co.uk/measuring-reporting-and-verification,"Measuring, reporting and verification","Measuring, reporting and verification
UK PACT
https://www.ukpact.co.uk › meas...
·
Traduire cette page
Effective use of MRV tools at a local level can help empower communities by a.) enabling them to make more effective decisions that increase the productivity, ...",Monitor* AND Report* AND Verif* AND MRV AND soil*,10,5,SEO,Non,ukpact,www.ukpact.co.uk,10/02/25
https://www.project-marvic.eu/,Marvic,"Marvic
MARVIC project
https://www.project-marvic.eu
·
Traduire cette page
Monitoring, Reporting & Verification (MRV) systems for carbon removals in European agriculture · MARVIC mission · MARVIC mission · Why context-specific approach.",Monitor* AND Report* AND Verif* AND MRV AND soil*,10,6,SEO,Non,project-marvic,www.project-marvic.eu,10/02/25
https://forest.gov.bz/monitoring-reporting-and-verification/,"Monitoring, Reporting and Verification - Forest Department of ...","Monitoring, Reporting and Verification - Forest Department of ...
forest.gov.bz
https://forest.gov.bz › monitoring...
·
Traduire cette page
The Forest Department's Measurement, Reporting, and Verification (MRV) Programme is tasked with collecting and analyzing data from the Forestry and Other Land ...",Monitor* AND Report* AND Verif* AND MRV AND soil*,10,7,SEO,Non,forest,forest.gov.bz,10/02/25
https://carbon180.org/wp-content/uploads/2024/02/Advancing-Towards-Next-Generation-Soil-Carbon-Measurement.pdf,Advancing-Towards-Next-Generation-Soil-Carbon- ...,"Advancing-Towards-Next-Generation-Soil-Carbon- ...
Carbon180
https://carbon180.org › uploads › 2024/02 › Ad...
PDF
Accurate, cost-effective, and scalable monitoring, reporting and verification (MRV) remains the biggest challenge for soil ... improved existing soil carbon ...",Monitor* AND Report* AND Verif* AND MRV AND soil*,10,8,SEO,Non,carbon180,carbon180.org,10/02/25
https://afr100.org/sites/default/files/TerraFund%20MRV%20Final%20February%202023%20FINAL%203.6.2023.pdf,TerraFund MRV Final February 2023 ...,"TerraFund MRV Final February 2023 ...
AFR100
https://afr100.org › sites › default › files › TerraF...
PDF
9 févr. 2023 — 34 | TERRAFUND: HOW WE MONITOR, REPORT AND VERIFY (MRV). 3 REPORT ... Trees are adjusted to pink to contrast with the ground. 4 Gathering info ...",Monitor* AND Report* AND Verif* AND MRV AND soil*,10,9,SEO,Non,afr100,afr100.org,10/02/25
https://www.lse.ac.uk/granthaminstitute/news/introducing-a-new-tool-for-monitoring-reporting-and-verifying-co2-removals/,"Introducing a new tool for monitoring, reporting and ...","Introducing a new tool for monitoring, reporting and ...
LSE
https://www.lse.ac.uk › news › int...
·
Traduire cette page
30 oct. 2024 — A key component of this governance architecture is monitoring, reporting and verification (MRV), which is the multi-step process to measure the ...",Monitor* AND Report* AND Verif* AND MRV AND soil*,10,10,SEO,Non,lse,www.lse.ac.uk,10/02/25
https://www.naro.go.jp/publicity_report/publication/files/MRV_guidebook.pdf,"Handbook of Monitoring, Reporting, and Verification for a ...","Handbook of Monitoring, Reporting, and Verification for a ...
農業・食品産業技術総合研究機構（NARO
https://www.naro.go.jp › files › MRV_guidebook
PDF
1 févr. 2018 — ✓ Difficulties in MRV implementation for soil GHG emissions stem mainly from the inherently high spatiotemporal variability of nonpoint sources.",Monitor* AND Report* AND Verif* AND MRV AND soil*,11,1,SEO,Non,naro,www.naro.go.jp,10/02/25
https://onlinelibrary.wiley.com/doi/10.1111/gcb.14815,"How to measure, report and verify soil carbon change ...","How to measure, report and verify soil carbon change ...
Wiley Online Library
https://onlinelibrary.wiley.com › ...
·
Traduire cette page
de P Smith · 2020 · Cité 574 fois — Since SOC content of soils cannot be easily measured, a key barrier to implementing programmes to increase SOC at large scale, is the need for ...",Monitor* AND Report* AND Verif* AND MRV AND soil*,11,2,SEO,Non,wiley,onlinelibrary.wiley.com,10/02/25
https://unepccc.org/morocco-starts-first-subnational-monitoring-reporting-and-verification-system/,Morocco starts first subnational MRV system - UNEP-CCC,"Morocco starts first subnational MRV system - UNEP-CCC
UNEP Copenhagen Climate Centre
https://unepccc.org › morocco-sta...
·
Traduire cette page
23 mai 2022 — The Souss Massa region, placed centrally in the country's long land ... Monitoring, Reporting and Verification (MRV) system with these sectors as ...",Monitor* AND Report* AND Verif* AND MRV AND soil*,11,3,SEO,Non,unepccc,unepccc.org,10/02/25
https://www.openforestprotocol.org/blog/monitoring-reporting-and-verification,"Monitoring, Reporting, and Verification","Monitoring, Reporting, and Verification
Open Forest Protocol
https://www.openforestprotocol.org › ...
·
Traduire cette page
MRV consists of three distinct features, all of which are vital to conveying legitimacy to stakeholders. Monitoring is the process of measuring the total ...",Monitor* AND Report* AND Verif* AND MRV AND soil*,11,4,SEO,Non,openforestprotocol,www.openforestprotocol.org,10/02/25
https://mrv4soc.eu/news/mrv4soc-assembly-paris/,MRV4SOC General Assembly: Advancing EU MRV ...,"MRV4SOC General Assembly: Advancing EU MRV ...
MRV4SOC Project
https://mrv4soc.eu › news › mrv4s...
·
Traduire cette page
13 nov. 2024 — Despite the complexity and challenges of building a comprehensive Monitoring, Reporting, and Verification (MRV) framework for the EU's land ...",Monitor* AND Report* AND Verif* AND MRV AND soil*,11,5,SEO,Non,mrv4soc,mrv4soc.eu,10/02/25
https://tracextech.com/how-environmental-ngos-can-leverage-digital-mrv-tools/,How Environmental NGOs Can Leverage Digital MRV Tools,"How Environmental NGOs Can Leverage Digital MRV Tools
TraceX Technologies
https://tracextech.com › how-envi...
·
Traduire cette page
4 avr. 2024 — MRV, or Monitoring, Reporting, and Verification, entails tracking and quantifying the amount of CO2e (carbon dioxide equivalent) reduced or ...",Monitor* AND Report* AND Verif* AND MRV AND soil*,11,6,SEO,Non,tracextech,tracextech.com,10/02/25
https://www.sruc.ac.uk/media/e4kbvabe/unearthed-why-are-regulated-carbon-markets-developing-so-slowly.pdf,Why Are Regulated Carbon Markets Developing So Slowly?,"Why Are Regulated Carbon Markets Developing So Slowly?
SRUC
https://www.sruc.ac.uk › media › unearthed-why...
PDF
Registration and monitoring, reporting and verification (MRV) of carbon credit projects can cost 20-30% of the total project cost. • Commonality of rules and ...",Monitor* AND Report* AND Verif* AND MRV AND soil*,11,7,SEO,Non,sruc,www.sruc.ac.uk,10/02/25
https://agrocares.com/carbon/,Carbon,"Carbon
AgroCares
https://agrocares.com › carbon
·
Traduire cette page
Measurement, reporting, and verification (MRV) are the cornerstones of a sound monitoring framework. ... Only when the reported farming data is verified can the ...",Monitor* AND Report* AND Verif* AND MRV AND soil*,11,8,SEO,Non,agrocares,agrocares.com,10/02/25
https://globalgoals.goldstandard.org/verification-validation-bodies/,Validation & Verification Bodies,"Validation & Verification Bodies
Gold Standard for the Global Goals
https://globalgoals.goldstandard.org › ...
·
Traduire cette page
Monitoring, reporting, and verification (MRV) are essential elements of climate and development initiatives, ensuring that project investments go further to ...",Monitor* AND Report* AND Verif* AND MRV AND soil*,11,9,SEO,Non,goldstandard,globalgoals.goldstandard.org,10/02/25
https://www.carbonbusinesscouncil.org/news/mrv,"issue Brief: Monitoring, Reporting and Verification","issue Brief: Monitoring, Reporting and Verification
Carbon Business Council
https://www.carbonbusinesscouncil.org › ...
·
Traduire cette page
30 mai 2024 — MRV is the process of accounting for, communicating, and certifying a CDR project's net carbon removal over time, including complete measurement ...",Monitor* AND Report* AND Verif* AND MRV AND soil*,11,10,SEO,Non,carbonbusinesscouncil,www.carbonbusinesscouncil.org,10/02/25
https://www.geosciences.ens.fr/researcher-in-land-surface-and-crop-modeling-m-f,RESEARCHER IN LAND SURFACE AND CROP ...,"RESEARCHER IN LAND SURFACE AND CROP ...
ENS Géosciences
https://www.geosciences.ens.fr › re...
·
Traduire cette page
... monitoring, reporting, and verification (MRV) framework for the land use land-use change and forestry sector (LULUCF). Description. As part of the MRV4SOC ...",Monitor* AND Report* AND Verif* AND MRV AND soil*,12,1,SEO,Non,ens,www.geosciences.ens.fr,10/02/25
https://www.irri.org/news-and-events/news/theory-action-%E2%80%93-agriculture%E2%80%99s-call-implement-mrv-accurate-climate-reporting,Agriculture's call to implement MRV for accurate climate ...,"Agriculture's call to implement MRV for accurate climate ...
International Rice Research Institute
https://www.irri.org › ... › News
·
Traduire cette page
28 oct. 2024 — There are significant challenges in implementing Monitoring, Reporting, and Verification (MRV) systems, including a lack of farm-level data, ...",Monitor* AND Report* AND Verif* AND MRV AND soil*,12,2,SEO,Non,irri,www.irri.org,10/02/25
https://sp.copernicus.org/articles/2-oae2023/12/2023/,"Monitoring, reporting, and verification for ocean alkalinity ... - SP","Monitoring, reporting, and verification for ocean alkalinity ... - SP
Copernicus.org
https://sp.copernicus.org › articles
·
Traduire cette page
de DT Ho · 2023 · Cité 33 fois — Monitoring, reporting, and verification (MRV) refers to the multistep process of monitoring the amount of greenhouse gas removed by a carbon ...",Monitor* AND Report* AND Verif* AND MRV AND soil*,12,3,SEO,Non,copernicus,sp.copernicus.org,10/02/25
https://www.slideshare.net/slideshow/module-4measurementreportingandverificationmrvforafolunamalearningtoolnam-asinag62015/48756222,"Module 4: Measurement, Reporting and Verification (MRV) ...","Module 4: Measurement, Reporting and Verification (MRV) ...
SlideShare
https://www.slideshare.net › Education
29 mai 2015 — Module 4: Measurement, Reporting and Verification (MRV) for an AFOLU NAMA – the FAO Learning tool on Nationally Appropriate Mitigation ...",Monitor* AND Report* AND Verif* AND MRV AND soil*,12,4,SEO,Non,slideshare,www.slideshare.net,10/02/25
https://www.giz.de/en/downloads_els/GIZ_GCM_MRV-system-cement-industry_En.pdf,"Measurement, Reporting and Verification system (MRV) for ...","Measurement, Reporting and Verification system (MRV) for ...
GIZ
https://www.giz.de › downloads_els › GIZ_GCM_...
PDF
This system aims to provide Tunisian cement plants with a dedicated private area allowing each of them to monitor their activities related to GHG emissions and ...",Monitor* AND Report* AND Verif* AND MRV AND soil*,12,5,SEO,Non,giz,www.giz.de,10/02/25
https://www.teagasc.ie/media/website/environment/climate-action/climate-centre/Farm-carbon-stocks-monitoring-reporting-and-verification.pdf,Farm carbon stocks monitoring reporting and verification,"Farm carbon stocks monitoring reporting and verification
Teagasc
https://www.teagasc.ie › website › climate-centre
PDF
MRV approaches are particularly important with respect to C stocks on the farm – how much carbon is already stored in the soil and in hedgerows, value and ...",Monitor* AND Report* AND Verif* AND MRV AND soil*,12,6,SEO,Non,teagasc,www.teagasc.ie,10/02/25
https://terramatchsupport.zendesk.com/hc/en-us/articles/16132214230939-Assisted-Natural-Regeneration-Monitoring-Reporting-and-Verification-Protocol,"Assisted Natural Regeneration Monitoring, Reporting and ...","Assisted Natural Regeneration Monitoring, Reporting and ...
Zendesk
https://terramatchsupport.zendesk.com › ...
·
Traduire cette page
4 avr. 2024 — This indicator does not apply to many ANR projects that are using other approaches to grow and restore trees besides planting. Monitoring, ...",Monitor* AND Report* AND Verif* AND MRV AND soil*,12,7,SEO,Non,zendesk,terramatchsupport.zendesk.com,10/02/25
https://www.project-credible.eu/files/focus_groups/FG3.3_recommendations_2024.pdf,"Earth Observation for the Monitoring, Reporting, and ...","Earth Observation for the Monitoring, Reporting, and ...
project-credible.eu
https://www.project-credible.eu › focus_groups
PDF
Focus Group on “Earth Observation for the Monitoring, Reporting, and Verification of ... International review of current MRV initiatives for soil carbon ...",Monitor* AND Report* AND Verif* AND MRV AND soil*,12,8,SEO,Non,project-credible,www.project-credible.eu,10/02/25
https://d2ouvy59p0dg6k.cloudfront.net/downloads/cmrv_web.pdf,"COMMUNITY-BASED MONITORING, REPORTING ... - image","COMMUNITY-BASED MONITORING, REPORTING ... - image
cloudfront.net
https://d2ouvy59p0dg6k.cloudfront.net › cmrv_w...
PDF
REDD+ focuses on monitoring, reporting and verification (MRV), which is the work related to both the remote sensing and ground based data that is needed to.",Monitor* AND Report* AND Verif* AND MRV AND soil*,12,9,SEO,Non,cloudfront,d2ouvy59p0dg6k.cloudfront.net,10/02/25
https://www.un-redd.org/sites/default/files/2021-10/MRV_Framework_Document_V1_Draft_3_Sep%202011.pdf,"MEASUREMENT, REPORTING & VERIFICATION (MRV) ...","MEASUREMENT, REPORTING & VERIFICATION (MRV) ...
UNREDD Programme
https://www.un-redd.org › sites › default › files
PDF
This will require an operational Land Monitoring System (LMS) to provide activity data on forest area and forest area changes,. Page 7. [MRV FRAMEWORK DOCUMENT ...",Monitor* AND Report* AND Verif* AND MRV AND soil*,12,10,SEO,Non,un-redd,www.un-redd.org,10/02/25
https://www.usda.gov/about-usda/news/press-releases/2023/07/12/biden-harris-administration-announces-new-investments-improve-measurement-monitoring-reporting-and,Biden-Harris Administration Announces New Investments ...,"Biden-Harris Administration Announces New Investments ...
USDA (.gov)
https://www.usda.gov › 2023/07/12
·
Traduire cette page
12 juil. 2023 — Establish and advance a Soil Carbon Monitoring and Research Network with a perennial biomass component; ... monitor, report and verify greenhouse ...",Monitor* AND Report* AND Verif* AND MRV AND soil*,13,1,SEO,Non,usda,www.usda.gov,10/02/25
https://eartharxiv.org/repository/view/6376/,A Novel MRV Approach for Cropland-Based ERW?,"A Novel MRV Approach for Cropland-Based ERW?
EarthArXiv
https://eartharxiv.org › view
·
Traduire cette page
de D Paessler · 2023 · Cité 3 fois — ... soil water and monitoring with electronic pH and EC soil sensors. ... MRV (monitoring, reporting and verification) of ERW. This approach ...",Monitor* AND Report* AND Verif* AND MRV AND soil*,13,2,SEO,Non,eartharxiv,eartharxiv.org,10/02/25
https://www.cesbio.cnrs.fr/agricarboneo/orcasa/,ORCASA – Carbon Farming & Monitoring,"ORCASA – Carbon Farming & Monitoring
Cesbio
https://www.cesbio.cnrs.fr › orcasa
·
Traduire cette page
Both the SAFYE-CO2 model and the AgriCarbon-EO processing chain will be used to propose an innovative & harmonised Monitoring Reporting and Verification (MRV) ...",Monitor* AND Report* AND Verif* AND MRV AND soil*,13,3,SEO,Non,cnrs,www.cesbio.cnrs.fr,10/02/25
https://unfccc.int/sites/default/files/resource/UNFCCC%20Webinar%20on%20SOC-session%204.pdf,UNFCCC Webinar on Soil Organic,"UNFCCC Webinar on Soil Organic
UNFCCC
https://unfccc.int › sites › default › files › resource
PDF
“MRV stands for Measurement/Monitoring, Reporting, and Verification. This term is used in diverse contexts, but most frequently in the context of greenhouse ...",Monitor* AND Report* AND Verif* AND MRV AND soil*,13,4,SEO,Non,unfccc,unfccc.int,10/02/25
https://www.climatelinks.org/sites/default/files/asset/document/MRV_Manual_Policymakers_Summary.pdf,"redd+ measurement, reporting and verification (mrv) ...","redd+ measurement, reporting and verification (mrv) ...
Climatelinks
https://www.climatelinks.org › asset › document
PDF
historical baseline land cover extent and a land-use and change monitoring system to produce the activity data required for estimating GHG emissions and ...",Monitor* AND Report* AND Verif* AND MRV AND soil*,13,5,SEO,Non,climatelinks,www.climatelinks.org,10/02/25
https://documents1.worldbank.org/curated/en/099605006272210909/pdf/IDU0ca02ce8009a2404bb70bb6d0233b54ffad5e.pdf,"Digital Monitoring, Reporting, and Verification Systems and ...","Digital Monitoring, Reporting, and Verification Systems and ...
World Bank
https://documents1.worldbank.org › curated › pdf
PDF
14 juin 2022 — Emerging digital technologies offer many advantages when leveraged by a D-MRV system. Forestry and land-use activities, for example, can be ...",Monitor* AND Report* AND Verif* AND MRV AND soil*,13,6,SEO,Non,worldbank,documents1.worldbank.org,10/02/25
https://sustainablesoils.org/soil-carbon-code/q-a,Soil Carbon Code | Existing Codes,"Soil Carbon Code | Existing Codes
Sustainable Soils Alliance
https://sustainablesoils.org › soil-ca...
·
Traduire cette page
These schemes operate according to different rules and standards, however, and have different approaches to the measuring, reporting and verification (MRV) of ...",Monitor* AND Report* AND Verif* AND MRV AND soil*,13,7,SEO,Non,sustainablesoils,sustainablesoils.org,10/02/25
https://www.climatepolicyinitiative.org/publication/tracking-emissions-and-mitigation-actions-mrv-systems-in-china-germany-italy-and-the-united-states/,"Learning from MRV Systems in China, Germany, Italy, and ...","Learning from MRV Systems in China, Germany, Italy, and ...
Climate Policy Initiative
https://www.climatepolicyinitiative.org › ...
·
Traduire cette page
27 nov. 2012 — Domestic systems to measure, report, and verify (MRV) GHG emissions and mitigation outcomes help countries meet their domestic policy objectives ...",Monitor* AND Report* AND Verif* AND MRV AND soil*,13,8,SEO,Non,climatepolicyinitiative,www.climatepolicyinitiative.org,10/02/25
https://www.green-cooling-initiative.org/fileadmin/Publications/GIZ2021_Measurement_Reporting_Verification_MRV_Handbook.pdf,"Measurement, Reporting & Verification (MRV) in practice","Measurement, Reporting & Verification (MRV) in practice
Green Cooling Initiative
https://www.green-cooling-initiative.org › fileadmin
PDF
MRV systems allow emissions to be constantly monitored and therefore provide up-to-date information. An appliance-based HFC inventory and MRV system will not ...",Monitor* AND Report* AND Verif* AND MRV AND soil*,13,9,SEO,Non,green-cooling-initiative,www.green-cooling-initiative.org,10/02/25
https://www.mdpi.com/2071-1050/13/16/9105,"Earth Observation for Monitoring, Reporting, and ...","Earth Observation for Monitoring, Reporting, and ...
MDPI
https://www.mdpi.com › ...
·
Traduire cette page
de A Andries · 2021 · Cité 12 fois — It provides an effective source of information of value for land management and environmental decision making and as potential evidence for the MRV relevant to ...",Monitor* AND Report* AND Verif* AND MRV AND soil*,13,10,SEO,Non,mdpi,www.mdpi.com,10/02/25
https://dsn.co.id/esg/policies/ndpe-policy/monitoring-review-verification-mrv-reporting/,"Monitoring, Review, Verification (MRV) & Reporting","Monitoring, Review, Verification (MRV) & Reporting
PT Dharma Satya Nusantara Tbk
https://dsn.co.id › ndpe-policy
·
Traduire cette page
Reporting of land use change at ICAs level every three months. Step-Wise Process for Reaching Compliance. DSN Group is committed to monitor and report the ...",Monitor* AND Report* AND Verif* AND MRV AND soil*,14,1,SEO,Non,dsn,dsn.co.id,10/02/25
https://ndcpartnership.org/knowledge-portal/climate-toolbox/mrv-101-understanding-measurement-reporting-and-verification-climate-change-mitigation,"MRV 101: Understanding Measurement, Reporting, and ...","MRV 101: Understanding Measurement, Reporting, and ...
NDC Partnership
https://ndcpartnership.org › mrv-1...
·
Traduire cette page
MRV 101: Understanding Measurement, Reporting, and Verification of Climate Change Mitigation · Find more resources · Similar Tools (10) · More Tools By This ...",Monitor* AND Report* AND Verif* AND MRV AND soil*,14,2,SEO,Non,ndcpartnership,ndcpartnership.org,10/02/25
https://e-lib.iclei.org/publications/KP_TheClimateFootprintProject.pdf,"Typical Challenges for Vertically Integrated Measurement, ...","Typical Challenges for Vertically Integrated Measurement, ...
ICLEI - Local Governments for Sustainability
https://e-lib.iclei.org › publications › KP_TheClim...
PDF
de M van Staden · 2021 — Measurement, Reporting, and Verification (MRV) systems are meant to ... Other Land Use (AFOLU). Heads of cattle (in thousands). Energy intensity per.",Monitor* AND Report* AND Verif* AND MRV AND soil*,14,3,SEO,Non,iclei,e-lib.iclei.org,10/02/25
https://www.undp.org/sites/g/files/zskgke326/files/2024-09/mrv_framework_armenia_report_en.pdf,Development of Background Information for Climate ...,"Development of Background Information for Climate ...
UNDP
https://www.undp.org › files › zskgke326 › files
PDF
Implement Measurement, Reporting, Verification (MRV) and Monitoring and Evaluation (M&E) mechanisms ... Section 4 of the technical report “Assessment of Land Use, ...",Monitor* AND Report* AND Verif* AND MRV AND soil*,14,4,SEO,Non,undp,www.undp.org,10/02/25
https://www.ecfr.gov/current/title-40/chapter-I/subchapter-C/part-98/subpart-RR/section-98.448,40 CFR 98.448 -- Geologic sequestration monitoring ...,"40 CFR 98.448 -- Geologic sequestration monitoring ...
eCFR (.gov)
https://www.ecfr.gov › section-98
·
Traduire cette page
(a) Contents of MRV plan. You must develop and submit to the Administrator a proposed MRV plan for monitoring, reporting, and verification of geologic ...",Monitor* AND Report* AND Verif* AND MRV AND soil*,14,5,SEO,Non,ecfr,www.ecfr.gov,10/02/25
https://climateactiontransparency.org/resources/status-of-ghanas-mrv-system/,Status of Monitoring Reporting Verification Scheme in Ghana,"Status of Monitoring Reporting Verification Scheme in Ghana
climateactiontransparency.org
https://climateactiontransparency.org › resources
PDF
NDCs to ground actions. Therefore, monitoring, reporting and verification (MRV) system must be an integral part of any successful climate policies. It is a ...",Monitor* AND Report* AND Verif* AND MRV AND soil*,14,6,SEO,Non,climateactiontransparency,climateactiontransparency.org,10/02/25
https://www.cifor-icraf.org/knowledge/publication/9122/,"Safeguards at a glance: Are the Monitoring, Reporting ...","Safeguards at a glance: Are the Monitoring, Reporting ...
cifor-icraf
https://www.cifor-icraf.org › publ...
·
Traduire cette page
Are the Monitoring, Reporting, Verification, and Grievance Redress Mechanisms of voluntary standards supporting community rights in REDD+?",Monitor* AND Report* AND Verif* AND MRV AND soil*,14,7,SEO,Non,cifor-icraf,www.cifor-icraf.org,10/02/25
https://www.iata.org/en/training/courses/mrv-under-corsia-virtual/tall25/en/,"Monitoring, Reporting and Verification (MRV ...","Monitoring, Reporting and Verification (MRV ...
IATA
https://www.iata.org › tall25
·
Traduire cette page
... training portfolio includes topics for airlines, airports, cargo operators, governments, ground service providers, travel agents, young professionals and more.",Monitor* AND Report* AND Verif* AND MRV AND soil*,14,8,SEO,Non,iata,www.iata.org,10/02/25
https://www.agmrv.org/knowledge-portal/resources/gsoc-mrv-protocol/,GSOC MRV Protocol,"GSOC MRV Protocol
MRV Platform for Agriculture
https://www.agmrv.org › resources
·
Traduire cette page
22 sept. 2020 — The GSOC MRV Protocol is a protocol for measurement, monitoring, reporting and verification of soil organic carbon in agricultural landscapes.",Monitor* AND Report* AND Verif* AND MRV AND soil*,14,9,SEO,Non,agmrv,www.agmrv.org,10/02/25
https://www.cibotechnologies.com/blog/webinar-recording-soil-carbon-mrv/,Webinar Recording: Soil Carbon MRV,"Webinar Recording: Soil Carbon MRV
CIBO Technologies
https://www.cibotechnologies.com › ...
·
Traduire cette page
13 oct. 2022 — The AirMiners community continued their MRV series with an event on soil carbon monitoring reporting and verification. The webinar dove into ...",Monitor* AND Report* AND Verif* AND MRV AND soil*,14,10,SEO,Non,cibotechnologies,www.cibotechnologies.com,10/02/25
https://www.reussir.fr/europe-regrow-et-soil-capital-sunissent-pour-developper-lagriculture-regeneratrice,Agriculture régénérative : Soil Capital s'allie à Regrow en ...,"Agriculture régénérative : Soil Capital s'allie à Regrow en ...
Portail Réussir
https://www.reussir.fr › ... › Agriculture régénératrice
5 sept. 2023 — Regrow Ag, leader des outils MRV (Monitoring Reporting Verification) et fournisseur de la plateforme « Agriculture Resilience », et Soil ...",Monitor* AND Report* AND Verif* AND MRV AND soil*,15,1,SEO,Non,reussir,www.reussir.fr,10/02/25
https://eo4society.esa.int/projects/mrv4c/,"Monitoring, Measurement, Reporting and Verification System ...","Monitoring, Measurement, Reporting and Verification System ...
eo science for society
https://eo4society.esa.int › mrv4c
·
Traduire cette page
The MRV4C project, developing a Monitoring, Measurement, Reporting and Verification (MRV) ... ground biomass. Furthermore, GMV built a system and an ...",Monitor* AND Report* AND Verif* AND MRV AND soil*,15,2,SEO,Non,esa,eo4society.esa.int,10/02/25
https://search.proquest.com/openview/0f6cb04e05a5ad59a78128ac6abdb4c7/1?pq-origsite=gscholar&cbl=2037683,"Towards agricultural soil carbon monitoring, reporting, and ...","Towards agricultural soil carbon monitoring, reporting, and ...
ProQuest
https://search.proquest.com › ope...
·
Traduire cette page
de O Nevalainen · 2022 · Cité 29 fois — ... monitoring, reporting, and verification through the Field Observatory Network (FiON). Abstract. Better monitoring, reporting, and verification (MRV) of the ...",Monitor* AND Report* AND Verif* AND MRV AND soil*,15,3,SEO,Non,proquest,search.proquest.com,10/02/25
https://www.linkedin.com/posts/nielsbatjes_towards-a-modular-multi-ecosystem-monitoring-activity-7249368894941925376-eZlX,Niels Batjes' Post,"Niels Batjes' Post
LinkedIn · Niels Batjes
Plus de 70 réactions · il y a 4 mois
We are happy to share that our paper titled, ""Towards a modular, multi-ecosystem Monitoring, Reporting and Verification (MRV) framework for soil",Monitor* AND Report* AND Verif* AND MRV AND soil*,15,4,SEO,Non,linkedin,www.linkedin.com,10/02/25
https://arxiv.org/abs/2302.05004,Initial validation of a soil-based mass-balance approach for ...,"Initial validation of a soil-based mass-balance approach for ...
arXiv
https://arxiv.org › q-bio
·
Traduire cette page
de T Reershemius · 2023 · Cité 28 fois — A major barrier to large-scale implementation of ERW is a robust Monitoring, Reporting, and Verification (MRV) framework. To successfully ...",Monitor* AND Report* AND Verif* AND MRV AND soil*,15,5,SEO,Non,arxiv,arxiv.org,10/02/25
https://panorama.solutions/en/building-block/efficient-monitoring-reporting-and-verification-mrv-system,"Efficient Monitoring, Reporting and Verification (MRV) system","Efficient Monitoring, Reporting and Verification (MRV) system
PANORAMA | Solutions for a healthy planet
https://panorama.solutions › effici...
·
Traduire cette page
Compared to similar carbon projects in agriculture, the Western Kenya Soil Carbon Project piloted an efficient Monitoring, Reporting and Verification (MRV) ...",Monitor* AND Report* AND Verif* AND MRV AND soil*,15,6,SEO,Non,panorama,panorama.solutions,10/02/25
https://satyukt.com/MRV_carbon.html,MRV Carbon Credit | Satellite based Precision Agriculture,"MRV Carbon Credit | Satellite based Precision Agriculture
Satyukt
https://satyukt.com › MRV_carbon
·
Traduire cette page
Measurement, Reporting, and Verification (MRV) is a critical framework that ensures the accurate quantification, transparent reporting, and third-party ...",Monitor* AND Report* AND Verif* AND MRV AND soil*,15,7,SEO,Non,satyukt,satyukt.com,10/02/25
https://perspectives.cc/wp-content/uploads/2024/11/MRV-tool_Nov-2024_v2-2.pdf,"TOOL FOR MONITORING, REPORTING AND ...","TOOL FOR MONITORING, REPORTING AND ...
Perspectives Climate Group
https://perspectives.cc › MRV-tool_Nov-2024_v2-2
PDF
Transparency, assured through robust monitoring, reporting and verification (MRV) processes, is pivotal to ensure ... with land tenure rights within or ...",Monitor* AND Report* AND Verif* AND MRV AND soil*,15,8,SEO,Non,perspectives,perspectives.cc,10/02/25
https://trellis.net/article/what-it-takes-get-clarity-soil-carbon/,What it takes to get clarity on soil carbon,"What it takes to get clarity on soil carbon
Trellis Group
https://trellis.net › article › what-it...
·
Traduire cette page
20 juil. 2023 — Most MRV (monitoring, reporting and verification) solutions for quantifying the climate impacts of regenerative practices rely on estimation ...",Monitor* AND Report* AND Verif* AND MRV AND soil*,15,9,SEO,Non,trellis,trellis.net,10/02/25
https://gggi.org/wp-content/uploads/2020/12/Status-of-MRV-of-NDCs-to-CC-in-Myanmar-FINAL.pdf,"The Status of Monitoring, Reporting and Verification of ...","The Status of Monitoring, Reporting and Verification of ...
Global Green Growth Institute
https://gggi.org › wp-content › uploads › 2020/12
PDF
The Status of Monitoring, Reporting and Verification of. Nationally Determined Contributions to Climate Actions in Myanmar. GGGI/MONREC MRV Project Report No.1.",Monitor* AND Report* AND Verif* AND MRV AND soil*,15,10,SEO,Non,gggi,gggi.org,10/02/25
https://kg2.com.au/step-by-step-guide-to-implementing-mrv-for-carbon-farm-reporting/,Step-by-Step Guide to Implementing MRV for Carbon Farm ...,"Step-by-Step Guide to Implementing MRV for Carbon Farm ...
KG2
https://kg2.com.au › step-by-step-g...
·
Traduire cette page
20 mai 2024 — In the quest for sustainable agriculture and combating climate change, implementing Measurement, Reporting, and Verification (MRV) practices ...",Monitor* AND Report* AND Verif* AND MRV AND soil*,16,1,SEO,Non,kg2,kg2.com.au,10/02/25
https://iopscience.iop.org/article/10.1088/1748-9326/8/3/034038,"REDD+ readiness: early insights on monitoring, reporting ...","REDD+ readiness: early insights on monitoring, reporting ...
IOPscience
https://iopscience.iop.org › article
·
Traduire cette page
de S Joseph · 2013 · Cité 72 fois — A functional measuring, monitoring, reporting and verification (MRV) system is essential to assess the additionality and impact on forest ...",Monitor* AND Report* AND Verif* AND MRV AND soil*,16,2,SEO,Non,iop,iopscience.iop.org,10/02/25
https://www.epa.gov/sites/default/files/2021-01/documents/wssau_decision.pdf,"Monitoring, Reporting and Verification (MRV) Plan for West ...","Monitoring, Reporting and Verification (MRV) Plan for West ...
U.S. Environmental Protection Agency (.gov)
https://www.epa.gov › files › wssau_decision
PDF
12 janv. 2021 — Re: Monitoring, Reporting and Verification (MRV) Plan for West Seminole San Andres Unit ... ground surface. See the. WSSAU geologic column in ...",Monitor* AND Report* AND Verif* AND MRV AND soil*,16,3,SEO,Non,epa,www.epa.gov,10/02/25
https://carbon180.org/blog/the-araci-act-will-tackle-hurdles-to-scaling-land-based-carbon-removal/,A new soil carbon bill breaks ground,"A new soil carbon bill breaks ground
Carbon180
https://carbon180.org › blog › th...
·
Traduire cette page
11 juil. 2023 — Monitoring, reporting and verification (MRV): Develop the measurement tools necessary to pay farmers and account for climate benefits (you can't ...",Monitor* AND Report* AND Verif* AND MRV AND soil*,16,4,SEO,Non,carbon180,carbon180.org,10/02/25
https://www.ceew.in/publications/domestic-measurement-reporting-and-verification-0,"Domestic Measurement, Reporting, and Verification","Domestic Measurement, Reporting, and Verification
CEEW
https://www.ceew.in › publications
·
Traduire cette page
The Open Government Data (OGD) India platform supports the open data initiative of the GoI. The Bureau of Energy Efficiency has developed a robust monitoring & ...",Monitor* AND Report* AND Verif* AND MRV AND soil*,16,5,SEO,Non,ceew,www.ceew.in,10/02/25
https://www.wri.org/update/land-degradation-project-recipe-for-restoration,How to Monitor A Land Restoration Project: A 4-Step Recipe,"How to Monitor A Land Restoration Project: A 4-Step Recipe
World Resources Institute
https://www.wri.org › update › la...
·
Traduire cette page
de D Martin — The Ingredients for Restoration Monitoring, Reporting and Verification. Developing an MRV process is like creating a new dish that pays homage ...",Monitor* AND Report* AND Verif* AND MRV AND soil*,16,6,SEO,Non,wri,www.wri.org,10/02/25
https://www.project-marvic.eu/about,Horizon Europe Soil Mission,"Horizon Europe Soil Mission
MARVIC project
https://www.project-marvic.eu › ab...
·
Traduire cette page
... Monitoring, Reporting and Verification (MRV) systems for assessing soil carbon stock changes and GHG emissions in agriculture. These MRV systems should ...",Monitor* AND Report* AND Verif* AND MRV AND soil*,16,7,SEO,Non,project-marvic,www.project-marvic.eu,10/02/25
https://www.youtube.com/watch?v=9eRsrl2tPKo,Technology Platforms and Digital Monitoring-Reporting ...,"Technology Platforms and Digital Monitoring-Reporting ...
YouTube · IETA
Plus de 50 vues · il y a 7 mois
1:03:29
Monitoring Reporting Verification (MRV) Methods for Soil Carbon - WEBINAR. CIRCASA Consortium•3.2K views•5 years ago · 27:03 · Go to channel ...",Monitor* AND Report* AND Verif* AND MRV AND soil*,16,8,SEO,Non,youtube,www.youtube.com,10/02/25
https://www.proterrafoundation.org/news/proterra-monitoring-and-verification-mrv-standard-and-the-european-regulation-on-deforestation-free-commodities1/,ProTerra Monitoring and Verification (MRV) Standard and ...,"ProTerra Monitoring and Verification (MRV) Standard and ...
ProTerra Foundation
https://www.proterrafoundation.org › ...
·
Traduire cette page
19 mars 2024 — The audit report and the ProTerra MRV Certificate are evidence of the due diligence carried out on the commodity/product intended for ...",Monitor* AND Report* AND Verif* AND MRV AND soil*,16,9,SEO,Non,proterrafoundation,www.proterrafoundation.org,10/02/25
https://biocarbonstandard.com/wp-content/uploads/BCR_Monitoring-reporting-and-verification.pdf,BCRTOOL,"BCRTOOL
BioCarbon Standard
https://biocarbonstandard.com › uploads › BCR_...
PDF
This document is a tool for the monitoring, reporting and verification (MRV) of GHG ... Activities that prevent land use change in natural savannas.",Monitor* AND Report* AND Verif* AND MRV AND soil*,16,10,SEO,Non,biocarbonstandard,biocarbonstandard.com,10/02/25
https://www.meridia.land/blog/trusted-data-for-carbon-and-agroforestry,How our data verification delivers trusted data for carbon ...,"How our data verification delivers trusted data for carbon ...
Meridia Land
https://www.meridia.land › blog
·
Traduire cette page
19 juin 2023 — Land and tree tenure risks ... Accurate, consistent, and reliable field data leads to higher carbon measurement and lower MRV (Measurement, ...",Monitor* AND Report* AND Verif* AND MRV AND soil*,17,1,SEO,Non,meridia,www.meridia.land,10/02/25
https://landportal.org/library/resources/faodocrepc2341f0e-b184-4c92-aabb-3f15dace4d44/national-forest-monitoring-systems,National Forest Monitoring Systems ...,"National Forest Monitoring Systems ...
Land Portal
https://landportal.org › resources
·
Traduire cette page
National Forest Monitoring Systems: Monitoring and Measurement, Reporting and Verification (M &amp; MRV) in the context of REDD+ Activities · Resource ...",Monitor* AND Report* AND Verif* AND MRV AND soil*,17,2,SEO,Non,landportal,landportal.org,10/02/25
https://aura.abdn.ac.uk/bitstream/2164/19752/1/Kuhnert_etal_Measuring_And_Monitoring_AAM.pdf,Measuring and monitoring soil carbon sequestration ...,"Measuring and monitoring soil carbon sequestration ...
University of Aberdeen
https://aura.abdn.ac.uk › bitstream › Kuhnert_eta...
PDF
Key words: MRV; SOC sequestration; soil measurements; SOC modelling. 5. 6. 1 Introduction. 7. 2 Measurement/monitoring, reporting and verification (MRV). 8. 2.1 ...",Monitor* AND Report* AND Verif* AND MRV AND soil*,17,3,SEO,Non,abdn,aura.abdn.ac.uk,10/02/25
https://espace.library.uq.edu.au/view/UQ:da4da1f/MRV_guide_final.pdf,"Monitoring, reporting, and verification framework for rice ...","Monitoring, reporting, and verification framework for rice ...
The University of Queensland
https://espace.library.uq.edu.au › MRV_guide_final
PDF
de KM Nelson · 2022 · Cité 2 fois — Additionally, the estimated mean survey results combined with at least one other MRV method, such as in-field measurements (water level sensors, or soil ...",Monitor* AND Report* AND Verif* AND MRV AND soil*,17,4,SEO,Non,uq,espace.library.uq.edu.au,10/02/25
https://scholarworks.uvm.edu/cgi/viewcontent.cgi?article=1079&context=rsfac,"How to measure, report and verify soil carbon change to ...","How to measure, report and verify soil carbon change to ...
UVM ScholarWorks
https://scholarworks.uvm.edu › cgi › viewcontent
PDF
de P Smith · 2020 · Cité 585 fois — measurement, monitoring, MRV, reporting, soil organic carbon, soil organic matter, verification. Page 5. | 221. SMITH eT al. measurements. This ...",Monitor* AND Report* AND Verif* AND MRV AND soil*,17,5,SEO,Non,uvm,scholarworks.uvm.edu,10/02/25
https://core.ac.uk/download/pdf/132684790.pdf,"Monitoring, reporting and verification requirements and ...","Monitoring, reporting and verification requirements and ...
CORE – Aggregating the world’s open access research papers
https://core.ac.uk › download › pdf
PDF
de R Basak — But what does this entail in terms of on-the-ground implementation? The following subsections offer a “to-do” list for the MRV system, based on advice provided ...",Monitor* AND Report* AND Verif* AND MRV AND soil*,17,6,SEO,Non,core,core.ac.uk,10/02/25
https://theoutcomesfund.com/in-the-news/how-we-verify-outcomes,SWOF Original: How We Verify Outcomes,"SWOF Original: How We Verify Outcomes
Soil and Water Outcomes Fund
https://theoutcomesfund.com › ho...
·
Traduire cette page
20 févr. 2023 — By Corey McKinney, Senior Monitoring and Verification Manager. A cornerstone of the Soil and Water Outcomes Fund's collaboration with ...",Monitor* AND Report* AND Verif* AND MRV AND soil*,17,7,SEO,Non,theoutcomesfund,theoutcomesfund.com,10/02/25
https://www.petroraya.com/article/measurement-reporting-and-verification-in-carbon-capture-and-storage/,"Measurement, Reporting, and Verification in Carbon ...","Measurement, Reporting, and Verification in Carbon ...
PetroRaya Resources
https://www.petroraya.com › article
·
Traduire cette page
MRV is a set of processes and procedures that aim to monitor the performance and environmental impacts of CCS projects, as well as to report and verify the ...",Monitor* AND Report* AND Verif* AND MRV AND soil*,17,8,SEO,Non,petroraya,www.petroraya.com,10/02/25
https://www.umweltbundesamt.de/sites/default/files/medien/11850/publikationen/154_2023_texte_monitoring_reporting_and_verification.pdf,"Monitoring, Reporting and Verification in a Carbon Border ...","Monitoring, Reporting and Verification in a Carbon Border ...
Umweltbundesamt
https://www.umweltbundesamt.de › publikationen
PDF
Furthermore, EU ETS MRV rules are tailored to the EU ETS needs and tested on the ground, known to competent authority and EU verifiers. The main danger with ...",Monitor* AND Report* AND Verif* AND MRV AND soil*,17,9,SEO,Non,umweltbundesamt,www.umweltbundesamt.de,10/02/25
https://woodcache.org/wp-content/uploads/2024/03/MRV-Description.pdf,"Measurement, Reporting and Verification (MRV)","Measurement, Reporting and Verification (MRV)
Woodcache PBC
https://woodcache.org › MRV-Description
PDF
Woodcache PBC installs underground monitoring systems that provide real-time measurement and remote monitoring. These measure any buildup of greenhouse gases ...",Monitor* AND Report* AND Verif* AND MRV AND soil*,17,10,SEO,Non,woodcache,woodcache.org,10/02/25
https://www.ncmc.sua.ac.tz/news/what-you-need-to-know-about-the-measurement-reporting-and-verification-mrv-of-carbon-credits,"What You Need to Know About the Measurement, Reporting ...","What You Need to Know About the Measurement, Reporting ...
Tanzania National Carbon Monitoring Centre
https://www.ncmc.sua.ac.tz › news
·
Traduire cette page
25 mars 2023 — Measurement, Reporting, and Verification (MRV) refers to the multi-step process to measure the amount of greenhouse gas (GHG) emissions ...",Monitor* AND Report* AND Verif* AND MRV AND soil*,18,1,SEO,Non,sua,www.ncmc.sua.ac.tz,10/02/25
https://www.ccacoalition.org/sites/default/files/resources/Pakistan%20Rice%20MRV%20Report.pdf,Pakistan Rice MRV Report.pdf,"Pakistan Rice MRV Report.pdf
Climate and Clean Air Coalition
https://www.ccacoalition.org › files › resources
PDF
Report – Developing Measurement, Reporting and Verification Platform for Rice in Pakistan. ... Therefore, monitoring the land-use change is an important ...",Monitor* AND Report* AND Verif* AND MRV AND soil*,18,2,SEO,Non,ccacoalition,www.ccacoalition.org,10/02/25
https://mrv4soc.eu/,MRV4SOC Project: Homepage,"MRV4SOC Project: Homepage
MRV4SOC Project
https://mrv4soc.eu
·
Traduire cette page
Monitoring, Reporting, and Verification of Soil Organic Carbon and Greenhouse Gas Balance ... soil MRV. Go in-depth with the project's latest updates.",Monitor* AND Report* AND Verif* AND MRV AND soil*,18,3,SEO,Non,mrv4soc,mrv4soc.eu,10/02/25
https://www.climateledger.org/index.html?cmd=countFile&file=3701a-Digital-MRV-report-master1.pdf,"Assessment of Digital Measurement, Reporting and ...","Assessment of Digital Measurement, Reporting and ...
Climate Ledger Initiative
https://www.climateledger.org › file=3701a-Digita...
PDF
12 juil. 2022 — Monitoring, Reporting and Verification (MRV) of impact of climate change mitigation activities is an essential part of the project cycle in all ...",Monitor* AND Report* AND Verif* AND MRV AND soil*,18,4,SEO,Non,climateledger,www.climateledger.org,10/02/25
https://www.carbon-drawdown.de/blog/2022-6-20-measuringmonitoring-enhanced-weathering-on-croplands-is-really-hard-to-do,Measuring/Monitoring Enhanced Weathering on Croplands ...,"Measuring/Monitoring Enhanced Weathering on Croplands ...
Carbon Drawdown Initiative
https://www.carbon-drawdown.de › ...
·
Traduire cette page
21 juin 2022 — Obviously for reliable MRV (monitoring, reporting and verification) we will need ways to measure the weathering “in-situ”. So how do we do ...",Monitor* AND Report* AND Verif* AND MRV AND soil*,18,5,SEO,Non,carbon-drawdown,www.carbon-drawdown.de,10/02/25
https://untalent.org/jobs/monitoring-reporting-and-verification-mrv-cities-expert-urban-mobility-1,"Monitoring, Reporting and Verification (MRV) Cities Expert ...","Monitoring, Reporting and Verification (MRV) Cities Expert ...
UN Talent
https://untalent.org › jobs › monito...
·
Traduire cette page
19 nov. 2024 — ... Monitoring, Reporting and Verification (MRV) Cities Expert (Urban mobility) ... These plans cover agriculture and livestock, land use and forests ...",Monitor* AND Report* AND Verif* AND MRV AND soil*,18,6,SEO,Non,untalent,untalent.org,10/02/25
https://www.forestcarbonpartnership.org/sites/default/files/documents/verification_report_civ_1.6_24012024.pdf,Verification Report,"Verification Report
Forest Carbon Partnership Facility
https://www.forestcarbonpartnership.org › files
PDF
24 janv. 2024 — • Guidelines contained in the ER Monitoring Report Template (v2.5), the Validation Report ... MRV activities, estimation of emission ...",Monitor* AND Report* AND Verif* AND MRV AND soil*,18,7,SEO,Non,forestcarbonpartnership,www.forestcarbonpartnership.org,10/02/25
https://verra.org/programs/verified-carbon-standard/,Verified Carbon Standard,"Verified Carbon Standard
Verra
https://verra.org › programs › verif...
·
Traduire cette page
... monitoring, and validation and verification costs. I have some land ... validation/verification body (VVB) and reported in a detailed validation report.",Monitor* AND Report* AND Verif* AND MRV AND soil*,18,8,SEO,Non,verra,verra.org,10/02/25
https://cgspace.cgiar.org/items/3f9d7933-ef5e-45b3-9fab-2fd5884a2f2f,Piloting innovations for improved data collection ... - CGSpace,"Piloting innovations for improved data collection ... - CGSpace
CGSpace
https://cgspace.cgiar.org › items
·
Traduire cette page
de S Eshete · 2021 — ... monitoring, reporting, and verification (MRV) of greenhouse gas emissions in Ethiopia ... land use and CCAFS, the Australian Centre for International ...",Monitor* AND Report* AND Verif* AND MRV AND soil*,18,9,SEO,Non,cgiar,cgspace.cgiar.org,10/02/25
https://www.youtube.com/watch?v=6vayomL3CQY,"Insights into Monitoring, Reporting and Verification Costs for ...","Insights into Monitoring, Reporting and Verification Costs for ...
YouTube · Institute for Responsible Carbon Removal
Plus de 80 vues · il y a 3 mois
1:00:25
1:16:14 Go to channel Monitoring Reporting Verification (MRV) Methods for Soil Carbon - WEBINAR CIRCASA Consortium",Monitor* AND Report* AND Verif* AND MRV AND soil*,18,10,SEO,Non,youtube,www.youtube.com,10/02/25
https://e-lib.iclei.org/wp-content/uploads/2016/05/GCC_Handbook_final-web1.pdf,"Measuring, Reporting, Verification (MRV) of Urban Low ...","Measuring, Reporting, Verification (MRV) of Urban Low ...
ICLEI - Local Governments for Sustainability
https://e-lib.iclei.org › GCC_Handbook_final-web1
PDF
1.1 Why the GCC? This document addresses local decision-makers and municipal sta who are involved in leading, planning, implementing, monitoring and.",Monitor* AND Report* AND Verif* AND MRV AND soil*,19,1,SEO,Non,iclei,e-lib.iclei.org,10/02/25
https://www.proterrafoundation.org/wp-content/uploads/2024/01/ProTerra-MRV-Standard-v1.0_EN-1.pdf,ProTerra Monitoring and Verification Standard,"ProTerra Monitoring and Verification Standard
ProTerra Foundation
https://www.proterrafoundation.org › 2024/01
PDF
4 janv. 2024 — 1.0 The ProTerra Monitoring and Verification (MRV) Standard ... To receive a verification statement of the ProTerra MRV Standard an.",Monitor* AND Report* AND Verif* AND MRV AND soil*,19,2,SEO,Non,proterrafoundation,www.proterrafoundation.org,10/02/25
https://www.epa.gov/ghgreporting/subpart-rr-geologic-sequestration-carbon-dioxide,Subpart RR – Geologic Sequestration of Carbon Dioxide,"Subpart RR – Geologic Sequestration of Carbon Dioxide
U.S. Environmental Protection Agency (.gov)
https://www.epa.gov › subpart-rr-...
·
Traduire cette page
Facilities covered by subpart RR must develop and submit to the Administrator a proposed monitoring, reporting, and verification (MRV) plan for geologic ...",Monitor* AND Report* AND Verif* AND MRV AND soil*,19,3,SEO,Non,epa,www.epa.gov,10/02/25
https://www.cifor-icraf.org/gcs/research-themes/measuring-carbon-emissions/community-forest-monitoring-and-participatory-mrv/,Community forest monitoring and participatory MRV,"Community forest monitoring and participatory MRV
cifor-icraf
https://www.cifor-icraf.org › gcs
·
Traduire cette page
National systems should be built, at least partly, on community-based monitoring, reporting and verification (MRV) protocols that maximise local people's ...",Monitor* AND Report* AND Verif* AND MRV AND soil*,19,4,SEO,Non,cifor-icraf,www.cifor-icraf.org,10/02/25
https://www.linkedin.com/posts/martin-wiesmeier-753330269_spatiotemporal-monitoring-of-cropland-soil-activity-7271977161501126656-JFCA,Martin Wiesmeier's Post,"Martin Wiesmeier's Post
LinkedIn · Martin Wiesmeier
Plus de 90 réactions · il y a 2 mois
Can we monitor #soilcarbon changes from space? Monitoring, Reporting and Verification (#MRV) of soil organic carbon (#SOC) is a major ...",Monitor* AND Report* AND Verif* AND MRV AND soil*,19,5,SEO,Non,linkedin,www.linkedin.com,10/02/25
https://trellis.net/article/common-questions-soil-carbon-monitoring/,Common questions in soil carbon monitoring,"Common questions in soil carbon monitoring
Trellis Group
https://trellis.net › article › comm...
·
Traduire cette page
17 oct. 2023 — ... MRV (monitoring, reporting and verification) processes. This expands on the documentation and review of the model validation for use under ...",Monitor* AND Report* AND Verif* AND MRV AND soil*,19,6,SEO,Non,trellis,trellis.net,10/02/25
https://medium.com/open-forest-protocol/opening-forests-with-a-new-standard-of-mrv-9f43f16f8a8c,Opening Forests with a new standard of MRV,"Opening Forests with a new standard of MRV
Medium · Open Forest Protocol
Plus de 260 ""J'aime"" · il y a 2 ans
At present, the Measurement, Reporting, and Verification (MRV) standards we use to monitor mitigation actions are expensive and lack the ...",Monitor* AND Report* AND Verif* AND MRV AND soil*,19,7,SEO,Non,medium,medium.com,10/02/25
https://jobs.undp.org/cj_view_job.cfm?cur_job_id=100417,"National Expert on Monitoring, Reporting and Verification (MRV)","National Expert on Monitoring, Reporting and Verification (MRV)
UNDP
https://jobs.undp.org › cj_view_job
·
Traduire cette page
... Land Use) and energy sectors in Ghana. This integrated REDD+ programme will address the drivers of deforestation, forest degradation and the barriers to the ...",Monitor* AND Report* AND Verif* AND MRV AND soil*,19,8,SEO,Non,undp,jobs.undp.org,10/02/25
https://www.iisd.org/system/files/publications/redd_strengthening_mrv_kenya.pdf,"Strengthening Measurement, Reporting and Verification ( ...","Strengthening Measurement, Reporting and Verification ( ...
International Institute for Sustainable Development
https://www.iisd.org › system › files › publications
PDF
be an important element of MRV programs to ground-truth “top-down” measurements and improve accuracy. •. Capacity building (e.g., forest assessments ...",Monitor* AND Report* AND Verif* AND MRV AND soil*,19,9,SEO,Non,iisd,www.iisd.org,10/02/25
https://www.knowledge-innovation.org/project/mrv4soc-monitoring-reporting-and-verification-of-soil-organic-carbon-and-greenhouse-gas-balance/,"(MRV4SOC) Monitoring, Reporting and Verification of Soil ...","(MRV4SOC) Monitoring, Reporting and Verification of Soil ...
knowledge-innovation.org
https://www.knowledge-innovation.org › ...
·
Traduire cette page
MRV4SOC, Monitoring, Reporting and Verification of Soil Organic Carbon and greenhouse gas balance. Project funded by European Union – Horizon Europe ...",Monitor* AND Report* AND Verif* AND MRV AND soil*,19,10,SEO,Non,knowledge-innovation,www.knowledge-innovation.org,10/02/25
https://www.youtube.com/watch?v=c7laHXSnSMI,"""4 per 1000"" SOIL CARBON SCIENCE WEBINAR SERIES #3 ...","""4 per 1000"" SOIL CARBON SCIENCE WEBINAR SERIES #3 ...
YouTube · 4p1000 Initiative
Plus de 1,8 k vues · il y a 1 an
1:17:15
... reporting. Watch our webinar to explore the critical issue of Measurement, Reporting, and Verification (MRV) for soil carbon stocks ...
10 moments clés dans cette vidéo",Monitor* AND Report* AND Verif* AND MRV AND soil*,20,1,SEO,Non,youtube,www.youtube.com,10/02/25
https://www.nature.com/articles/s41586-024-08429-2,Transforming US agriculture for carbon removal with ...,"Transforming US agriculture for carbon removal with ...
Nature
https://www.nature.com › articles
·
Traduire cette page
de DJ Beerling · 2025 — ... soil column. These represent continuing challenges for robust monitoring, reporting and verification (MRV) of CDR by EW (Table 1).",Monitor* AND Report* AND Verif* AND MRV AND soil*,20,2,SEO,Non,nature,www.nature.com,10/02/25
https://sciencebasedtargets.org/companies-taking-action,Companies taking action - Science Based Targets,"Companies taking action - Science Based Targets
Science Based Targets Initiative
https://sciencebasedtargets.org › co...
·
Traduire cette page
SBTi Monitoring Report 2023 · Measurement, reporting and verification (MRV). Back. Resource library · Corporates · Sectors · Supplementary · Insights and ...",Monitor* AND Report* AND Verif* AND MRV AND soil*,20,3,SEO,Non,sciencebasedtargets,sciencebasedtargets.org,10/02/25
https://carbon-turkey.org/en/news/the-role-of-the-monitoring-reporting-and-verification-mrv-system-on-the-road-to-the-emissions-trading-system-panel-held,"“The Role of the Monitoring, Reporting, and Verification (MRV ...","“The Role of the Monitoring, Reporting, and Verification (MRV ...
carbon-turkey.org
https://carbon-turkey.org › news
·
Traduire cette page
The Capacity Development for the Implementation of a Monitoring, Reporting, and Verification (MRV) for Greenhouse Gas Emissions Project, considered a ...",Monitor* AND Report* AND Verif* AND MRV AND soil*,20,4,SEO,Non,carbon-turkey,carbon-turkey.org,10/02/25
https://www.youtube.com/watch?v=BQh9XTR_Ww4,Advanced MRV for Soil Carbon,"Advanced MRV for Soil Carbon
YouTube · Commonland
Plus de 320 vues · il y a 1 an
1:33:24
... monitoring, reporting, and verification (MRV) of carbon projects is more important than ever. Without them, soil carbon projects cannot ...
10 moments clés dans cette vidéo",Monitor* AND Report* AND Verif* AND MRV AND soil*,20,5,SEO,Non,youtube,www.youtube.com,10/02/25
https://carbon-pulse.com/366677/,"CP Daily: Sunday February 9, 2025","CP Daily: Sunday February 9, 2025
Carbon Pulse
https://carbon-pulse.com › ...
·
Traduire cette page
il y a 20 heures — The protocol outlines monitoring, verification and reporting (MRV) ... monitoring needed for biochar applied to agricultural soils. These ...",Monitor* AND Report* AND Verif* AND MRV AND soil*,20,6,SEO,Non,carbon-pulse,carbon-pulse.com,10/02/25
https://www.instagram.com/alisonbrie/,Alison Brie (@alisonbrie) • Instagram photos and videos,"Alison Brie (@alisonbrie) • Instagram photos and videos
Instagram · alisonbrie
Plus de 1,6 M abonnés
See portraits, videos and news from the #Sundance Film Festival at latimes ... Reunited in a far away land… #ruthanddebbie #zoyathedestroya #libertybelle.",Monitor* AND Report* AND Verif* AND MRV AND soil*,20,7,SEO,Non,instagram,www.instagram.com,10/02/25
https://blogs.cisco.com/our-corporate-purpose/reintroducing-the-cisco-foundation-regenerative-future-fund-redefining-impact-in-climate-investing,Re(Introducing) the Cisco Foundation Regenerative Future ...,"Re(Introducing) the Cisco Foundation Regenerative Future ...
Cisco Blogs
https://blogs.cisco.com › reintrod...
·
Traduire cette page
il y a 8 jours — The frontier of Monitoring, Reporting, and Verification (MRV) is ... Meanwhile, Miraterra is revolutionizing soil carbon monitoring. By ...",Monitor* AND Report* AND Verif* AND MRV AND soil*,20,8,SEO,Non,cisco,blogs.cisco.com,10/02/25
https://nt.gov.au/driving/rego/existing-nt-registration/rego-check,Check your vehicle registration | NT.GOV.AU,"Check your vehicle registration | NT.GOV.AU
Northern Territory Government
https://nt.gov.au › rego-check
·
Traduire cette page
For an interstate plate number, you must contact the relevant state or territory's vehicle registration authority. If your registration details don't display:.",Monitor* AND Report* AND Verif* AND MRV AND soil*,20,9,SEO,Non,nt,nt.gov.au,10/02/25
https://travel.state.gov/content/travel/en/us-visas/Visa-Reciprocity-and-Civil-Documents-by-Country.html,U.S. Visa: Reciprocity and Civil Documents by Country - Travel,"U.S. Visa: Reciprocity and Civil Documents by Country - Travel
U.S. Department of State (.gov)
https://travel.state.gov › content
·
Traduire cette page
The nonimmigrant visa application fee, also known as the MRV fee, is a ... VISA NEWS. Additional Information for Reciprocity. Reciprocity: What's New",Monitor* AND Report* AND Verif* AND MRV AND soil*,20,10,SEO,Non,state,travel.state.gov,10/02/25
https://www.frontiersin.org/journals/climate/articles/10.3389/fclim.2024.1440833/full,"Biotechnology in direct air capture, enhanced weathering ...","Biotechnology in direct air capture, enhanced weathering ...
Frontiers
https://www.frontiersin.org › full
·
Traduire cette page
de PL Reginato — ... soil inorganic carbon, soil organic carbon, and crop yield. Further study ... verification (MRV) could identify the net effects of bio-ERW. For ME in ...",Monitor* AND Report* AND Verif* AND MRV AND soil*,21,1,SEO,Non,frontiersin,www.frontiersin.org,10/02/25
https://advancedbiofuelsusa.info/how-soil-carbon-credits-drive-sustainability-across-industries,How Soil Carbon Credits Drive Sustainability Across ...,"How Soil Carbon Credits Drive Sustainability Across ...
Advanced BioFuels USA
https://advancedbiofuelsusa.info › ...
·
Traduire cette page
The Corporate Sustainability Reporting Directive (CSRD) is set to redefine how businesses approach and communicate their environmental impact, with soil carbon ...",Monitor* AND Report* AND Verif* AND MRV AND soil*,21,2,SEO,Non,advancedbiofuelsusa,advancedbiofuelsusa.info,10/02/25
https://www.reddit.com/r/aviation/comments/1if9uom/near_misses_air_traffic_concerns_at_dca_what/,Near Misses & Air Traffic Concerns at DCA – What Pilot ...,"Near Misses & Air Traffic Concerns at DCA – What Pilot ...
Reddit · r/aviation
Plus de 60 commentaires · il y a 1 semaine
This occurred about 400 feet off the ground to the point where the pilot monitoring ... [Report narrative contained no additional information.].",Monitor* AND Report* AND Verif* AND MRV AND soil*,21,3,SEO,Non,reddit,www.reddit.com,10/02/25
https://www.ispot.tv/,iSpot.tv: The New Standard for TV Ad Measurement,"iSpot.tv: The New Standard for TV Ad Measurement
iSpot.tv
https://www.ispot.tv
·
Traduire cette page
Struggling to prove and optimize TV ad performance? Fast, accurate and actionable measurement across linear and streaming is the key to TV advertising ...",Monitor* AND Report* AND Verif* AND MRV AND soil*,21,4,SEO,Non,ispot,www.ispot.tv,10/02/25
https://downloads.unido.org/ot/33/28/33289767/2307%20UNIDO%20-%20EIP%20Vietnam%20-%20MRV%20Report.pdf,"Monitoring, Reporting and Verification of Eco-Industrial Park ...","Monitoring, Reporting and Verification of Eco-Industrial Park ...
United Nations Industrial Development Organization (UNIDO)
https://downloads.unido.org › 2307 UNIDO - EIP ...
PDF
10 janv. 2022 — The policies partially already cover MRV in water resources, energy, chemicals, waste materials for EIPs. Law No. 72/2020/QH14 on Environmental.",Monitor* AND Report* AND Verif* AND MRV AND soil*,21,5,SEO,Non,unido,downloads.unido.org,10/02/25
https://yle.fi/a/74-20142519,ESA and Finland establish Arctic satellite centre in Lapland,"ESA and Finland establish Arctic satellite centre in Lapland
Yle
https://yle.fi › ... › Domestic news
·
Traduire cette page
il y a 1 jour — According to Jarkko Koskinen, Deputy Director General of the National Land Survey of Finland and chair of the meeting, Finnish participation in ...",Monitor* AND Report* AND Verif* AND MRV AND soil*,21,6,SEO,Non,yle,yle.fi,10/02/25
https://www.instagram.com/chappellroan/,Chappell Roan ✧*:･ﾟ (@chappellroan),"Chappell Roan ✧*:･ﾟ (@chappellroan)
Instagram · chappellroan
Plus de 6,4 M abonnés
... Monitor: @moonphases SM: Dennis Osborne Playback: @justinjosephjones ... Chappell Land @chappellroan @ashleyosborn @charles.reagan @dusana @sydgaw.",Monitor* AND Report* AND Verif* AND MRV AND soil*,21,7,SEO,Non,instagram,www.instagram.com,10/02/25
https://www.mdpi.com/journal/remotesensing,Remote Sensing | An Open Access Journal from MDPI,"Remote Sensing | An Open Access Journal from MDPI
MDPI
https://www.mdpi.com › journal
·
Traduire cette page
Soil Systems, Solar, Solids, Spectroscopy Journal, Sports, Standards, Stats ... Brief Report, Case Report, Clinicopathological Challenge, Comment, Commentary ...",Monitor* AND Report* AND Verif* AND MRV AND soil*,21,8,SEO,Non,mdpi,www.mdpi.com,10/02/25
https://advancedbiofuelsusa.info/doe-s-carbon-dioxide-removal-purpose-approaches-and-recommendations-draft-report-for-public-comment-deadline-april-1-2025,"DOE's Carbon Dioxide Removal: Purpose, Approaches ...","DOE's Carbon Dioxide Removal: Purpose, Approaches ...
Advanced BioFuels USA
https://advancedbiofuelsusa.info › ...
·
Traduire cette page
Life Cycle Assesment and Measurement, Monitoring, Reporting, and Verification ... Soil Carbon Managment ...",Monitor* AND Report* AND Verif* AND MRV AND soil*,21,9,SEO,Non,advancedbiofuelsusa,advancedbiofuelsusa.info,10/02/25
https://www.lowes.com/l/help/returns-policy,"Returns, Refunds & Exchanges at Lowe's","Returns, Refunds & Exchanges at Lowe's
Lowe's
https://www.lowes.com › Help
·
Traduire cette page
... verification systems. No refund will be provided if you have an outstanding ... report the error or damage. Defective Items. Please call Lowe's Service ...",Monitor* AND Report* AND Verif* AND MRV AND soil*,21,10,SEO,Non,lowes,www.lowes.com,10/02/25
https://en.wikipedia.org/wiki/Tomorrowland_(festival),Tomorrowland (festival),"Tomorrowland (festival)
Wikipedia
https://en.wikipedia.org › wiki
·
Traduire cette page
This article is about the annual electronic dance music festival in Belgium. ... In April 2014, MTV announced that it would produce two hour-long MTV World ...",Monitor* AND Report* AND Verif* AND MRV AND soil*,22,1,SEO,Non,wikipedia,en.wikipedia.org,10/02/25
https://www.thenews.com.pk/print/1280468-ndc-lessons-from-the-uae-and-brazil,NDC lessons from the UAE and Brazil,"NDC lessons from the UAE and Brazil
The News International
https://www.thenews.com.pk › print
·
Traduire cette page
il y a 3 jours — ... Monitoring, Reporting, and Verification (MRV) framework. The UAE's ... Given Pakistan's vulnerability to land degradation, climate-smart land-use ...",Monitor* AND Report* AND Verif* AND MRV AND soil*,22,2,SEO,Non,thenews,www.thenews.com.pk,10/02/25
https://www.morningstar.com/news/pr-newswire/20250209ny14633/from-the-drive-thru-to-the-big-screen-taco-bell-features-nearly-400-real-fans-in-its-big-game-ad,TACO BELL FEATURES NEARLY 400 REAL FANS IN ITS ...,"TACO BELL FEATURES NEARLY 400 REAL FANS IN ITS ...
Morningstar
https://www.morningstar.com › news
·
Traduire cette page
il y a 18 heures — ... News · PR Newswire. FROM THE DRIVE-THRU TO THE BIG SCREEN: TACO BELL FEATURES NEARLY 400 REAL FANS IN ITS BIG GAME AD. FROM THE DRIVE-THRU TO ...",Monitor* AND Report* AND Verif* AND MRV AND soil*,22,3,SEO,Non,morningstar,www.morningstar.com,10/02/25
https://en.wikipedia.org/wiki/Greenhouse_gas_emissions_by_Turkey,Greenhouse gas emissions by Turkey,"Greenhouse gas emissions by Turkey
Wikipedia
https://en.wikipedia.org › wiki
·
Traduire cette page
Monitoring, reporting and verification (MRV) includes sharing information ... Clay Cement, which is only half clinker. The second-largest reduction ...",Monitor* AND Report* AND Verif* AND MRV AND soil*,22,4,SEO,Non,wikipedia,en.wikipedia.org,10/02/25
https://co2re.org/research-home/mrv-socioecological-systems/mrv/,"Monitoring, reporting and verification - CO₂RE","Monitoring, reporting and verification - CO₂RE
CO₂RE - The Greenhouse Gas Removal Hub
https://co2re.org › mrv
·
Traduire cette page
Without accurate and transparent systems of monitoring, reporting and verification (MRV) it is not possible to track the deployment and effectiveness of ...",Monitor* AND Report* AND Verif* AND MRV AND soil*,22,5,SEO,Non,co2re,co2re.org,10/02/25
https://www.newsngr.com.ng/2025/01/olam-agri-shaping-the-futureof-global-food-systems/,Olam Agri: Shaping The Futureof Global Food Systems,"Olam Agri: Shaping The Futureof Global Food Systems
newsngr.com.ng
https://www.newsngr.com.ng › ola...
·
Traduire cette page
7 janv. 2025 — One of the key areas where technology is making a significant impact is in our Monitoring, Reporting, and Verification (MRV) processes. By ...",Monitor* AND Report* AND Verif* AND MRV AND soil*,22,6,SEO,Non,newsngr,www.newsngr.com.ng,10/02/25
https://en.wikipedia.org/wiki/Tomorrowland_(festival),Tomorrowland (festival),"Tomorrowland (festival)
Wikipedia
https://en.wikipedia.org › wiki
·
Traduire cette page
This article is about the annual electronic dance music festival in Belgium. ... In April 2014, MTV announced that it would produce two hour-long MTV World ...",Monitor* AND Report* AND Verif* AND MRV AND soil*,23,1,SEO,Non,wikipedia,en.wikipedia.org,10/02/25
https://www.thenews.com.pk/print/1280468-ndc-lessons-from-the-uae-and-brazil,NDC lessons from the UAE and Brazil,"NDC lessons from the UAE and Brazil
The News International
https://www.thenews.com.pk › print
·
Traduire cette page
il y a 3 jours — ... Monitoring, Reporting, and Verification (MRV) framework. The UAE's ... Given Pakistan's vulnerability to land degradation, climate-smart land-use ...",Monitor* AND Report* AND Verif* AND MRV AND soil*,23,2,SEO,Non,thenews,www.thenews.com.pk,10/02/25
https://www.morningstar.com/news/pr-newswire/20250209ny14633/from-the-drive-thru-to-the-big-screen-taco-bell-features-nearly-400-real-fans-in-its-big-game-ad,TACO BELL FEATURES NEARLY 400 REAL FANS IN ITS ...,"TACO BELL FEATURES NEARLY 400 REAL FANS IN ITS ...
Morningstar
https://www.morningstar.com › news
·
Traduire cette page
il y a 18 heures — ... News · PR Newswire. FROM THE DRIVE-THRU TO THE BIG SCREEN: TACO BELL FEATURES NEARLY 400 REAL FANS IN ITS BIG GAME AD. FROM THE DRIVE-THRU TO ...",Monitor* AND Report* AND Verif* AND MRV AND soil*,23,3,SEO,Non,morningstar,www.morningstar.com,10/02/25
https://en.wikipedia.org/wiki/Greenhouse_gas_emissions_by_Turkey,Greenhouse gas emissions by Turkey,"Greenhouse gas emissions by Turkey
Wikipedia
https://en.wikipedia.org › wiki
·
Traduire cette page
Monitoring, reporting and verification (MRV) includes sharing information ... Clay Cement, which is only half clinker. The second-largest reduction ...",Monitor* AND Report* AND Verif* AND MRV AND soil*,23,4,SEO,Non,wikipedia,en.wikipedia.org,10/02/25
https://co2re.org/research-home/mrv-socioecological-systems/mrv/,"Monitoring, reporting and verification - CO₂RE","Monitoring, reporting and verification - CO₂RE
CO₂RE - The Greenhouse Gas Removal Hub
https://co2re.org › mrv
·
Traduire cette page
Without accurate and transparent systems of monitoring, reporting and verification (MRV) it is not possible to track the deployment and effectiveness of ...",Monitor* AND Report* AND Verif* AND MRV AND soil*,23,5,SEO,Non,co2re,co2re.org,10/02/25
https://www.newsngr.com.ng/2025/01/olam-agri-shaping-the-futureof-global-food-systems/,Olam Agri: Shaping The Futureof Global Food Systems,"Olam Agri: Shaping The Futureof Global Food Systems
newsngr.com.ng
https://www.newsngr.com.ng › ola...
·
Traduire cette page
7 janv. 2025 — One of the key areas where technology is making a significant impact is in our Monitoring, Reporting, and Verification (MRV) processes. By ...",Monitor* AND Report* AND Verif* AND MRV AND soil*,23,6,SEO,Non,newsngr,www.newsngr.com.ng,10/02/25
https://en.wikipedia.org/wiki/Tomorrowland_(festival),Tomorrowland (festival),"Tomorrowland (festival)
Wikipedia
https://en.wikipedia.org › wiki
·
Traduire cette page
This article is about the annual electronic dance music festival in Belgium. ... In April 2014, MTV announced that it would produce two hour-long MTV World ...",Monitor* AND Report* AND Verif* AND MRV AND soil*,24,1,SEO,Non,wikipedia,en.wikipedia.org,10/02/25
https://www.thenews.com.pk/print/1280468-ndc-lessons-from-the-uae-and-brazil,NDC lessons from the UAE and Brazil,"NDC lessons from the UAE and Brazil
The News International
https://www.thenews.com.pk › print
·
Traduire cette page
il y a 3 jours — ... Monitoring, Reporting, and Verification (MRV) framework. The UAE's ... Given Pakistan's vulnerability to land degradation, climate-smart land-use ...",Monitor* AND Report* AND Verif* AND MRV AND soil*,24,2,SEO,Non,thenews,www.thenews.com.pk,10/02/25
https://www.morningstar.com/news/pr-newswire/20250209ny14633/from-the-drive-thru-to-the-big-screen-taco-bell-features-nearly-400-real-fans-in-its-big-game-ad,TACO BELL FEATURES NEARLY 400 REAL FANS IN ITS ...,"TACO BELL FEATURES NEARLY 400 REAL FANS IN ITS ...
Morningstar
https://www.morningstar.com › news
·
Traduire cette page
il y a 18 heures — ... News · PR Newswire. FROM THE DRIVE-THRU TO THE BIG SCREEN: TACO BELL FEATURES NEARLY 400 REAL FANS IN ITS BIG GAME AD. FROM THE DRIVE-THRU TO ...",Monitor* AND Report* AND Verif* AND MRV AND soil*,24,3,SEO,Non,morningstar,www.morningstar.com,10/02/25
https://en.wikipedia.org/wiki/Greenhouse_gas_emissions_by_Turkey,Greenhouse gas emissions by Turkey,"Greenhouse gas emissions by Turkey
Wikipedia
https://en.wikipedia.org › wiki
·
Traduire cette page
Monitoring, reporting and verification (MRV) includes sharing information ... Clay Cement, which is only half clinker. The second-largest reduction ...",Monitor* AND Report* AND Verif* AND MRV AND soil*,24,4,SEO,Non,wikipedia,en.wikipedia.org,10/02/25
https://co2re.org/research-home/mrv-socioecological-systems/mrv/,"Monitoring, reporting and verification - CO₂RE","Monitoring, reporting and verification - CO₂RE
CO₂RE - The Greenhouse Gas Removal Hub
https://co2re.org › mrv
·
Traduire cette page
Without accurate and transparent systems of monitoring, reporting and verification (MRV) it is not possible to track the deployment and effectiveness of ...",Monitor* AND Report* AND Verif* AND MRV AND soil*,24,5,SEO,Non,co2re,co2re.org,10/02/25
https://www.newsngr.com.ng/2025/01/olam-agri-shaping-the-futureof-global-food-systems/,Olam Agri: Shaping The Futureof Global Food Systems,"Olam Agri: Shaping The Futureof Global Food Systems
newsngr.com.ng
https://www.newsngr.com.ng › ola...
·
Traduire cette page
7 janv. 2025 — One of the key areas where technology is making a significant impact is in our Monitoring, Reporting, and Verification (MRV) processes. By ...",Monitor* AND Report* AND Verif* AND MRV AND soil*,24,6,SEO,Non,newsngr,www.newsngr.com.ng,10/02/25
https://en.wikipedia.org/wiki/Tomorrowland_(festival),Tomorrowland (festival),"Tomorrowland (festival)
Wikipedia
https://en.wikipedia.org › wiki
·
Traduire cette page
This article is about the annual electronic dance music festival in Belgium. ... In April 2014, MTV announced that it would produce two hour-long MTV World ...",Monitor* AND Report* AND Verif* AND MRV AND soil*,25,1,SEO,Non,wikipedia,en.wikipedia.org,10/02/25
https://www.thenews.com.pk/print/1280468-ndc-lessons-from-the-uae-and-brazil,NDC lessons from the UAE and Brazil,"NDC lessons from the UAE and Brazil
The News International
https://www.thenews.com.pk › print
·
Traduire cette page
il y a 3 jours — ... Monitoring, Reporting, and Verification (MRV) framework. The UAE's ... Given Pakistan's vulnerability to land degradation, climate-smart land-use ...",Monitor* AND Report* AND Verif* AND MRV AND soil*,25,2,SEO,Non,thenews,www.thenews.com.pk,10/02/25
https://www.morningstar.com/news/pr-newswire/20250209ny14633/from-the-drive-thru-to-the-big-screen-taco-bell-features-nearly-400-real-fans-in-its-big-game-ad,TACO BELL FEATURES NEARLY 400 REAL FANS IN ITS ...,"TACO BELL FEATURES NEARLY 400 REAL FANS IN ITS ...
Morningstar
https://www.morningstar.com › news
·
Traduire cette page
il y a 18 heures — ... News · PR Newswire. FROM THE DRIVE-THRU TO THE BIG SCREEN: TACO BELL FEATURES NEARLY 400 REAL FANS IN ITS BIG GAME AD. FROM THE DRIVE-THRU TO ...",Monitor* AND Report* AND Verif* AND MRV AND soil*,25,3,SEO,Non,morningstar,www.morningstar.com,10/02/25
https://en.wikipedia.org/wiki/Greenhouse_gas_emissions_by_Turkey,Greenhouse gas emissions by Turkey,"Greenhouse gas emissions by Turkey
Wikipedia
https://en.wikipedia.org › wiki
·
Traduire cette page
Monitoring, reporting and verification (MRV) includes sharing information ... Clay Cement, which is only half clinker. The second-largest reduction ...",Monitor* AND Report* AND Verif* AND MRV AND soil*,25,4,SEO,Non,wikipedia,en.wikipedia.org,10/02/25
https://co2re.org/research-home/mrv-socioecological-systems/mrv/,"Monitoring, reporting and verification - CO₂RE","Monitoring, reporting and verification - CO₂RE
CO₂RE - The Greenhouse Gas Removal Hub
https://co2re.org › mrv
·
Traduire cette page
Without accurate and transparent systems of monitoring, reporting and verification (MRV) it is not possible to track the deployment and effectiveness of ...",Monitor* AND Report* AND Verif* AND MRV AND soil*,25,5,SEO,Non,co2re,co2re.org,10/02/25
https://www.newsngr.com.ng/2025/01/olam-agri-shaping-the-futureof-global-food-systems/,Olam Agri: Shaping The Futureof Global Food Systems,"Olam Agri: Shaping The Futureof Global Food Systems
newsngr.com.ng
https://www.newsngr.com.ng › ola...
·
Traduire cette page
7 janv. 2025 — One of the key areas where technology is making a significant impact is in our Monitoring, Reporting, and Verification (MRV) processes. By ...",Monitor* AND Report* AND Verif* AND MRV AND soil*,25,6,SEO,Non,newsngr,www.newsngr.com.ng,10/02/25
https://en.wikipedia.org/wiki/Tomorrowland_(festival),Tomorrowland (festival),"Tomorrowland (festival)
Wikipedia
https://en.wikipedia.org › wiki
·
Traduire cette page
This article is about the annual electronic dance music festival in Belgium. ... In April 2014, MTV announced that it would produce two hour-long MTV World ...",Monitor* AND Report* AND Verif* AND MRV AND soil*,26,1,SEO,Non,wikipedia,en.wikipedia.org,10/02/25
https://www.thenews.com.pk/print/1280468-ndc-lessons-from-the-uae-and-brazil,NDC lessons from the UAE and Brazil,"NDC lessons from the UAE and Brazil
The News International
https://www.thenews.com.pk › print
·
Traduire cette page
il y a 3 jours — ... Monitoring, Reporting, and Verification (MRV) framework. The UAE's ... Given Pakistan's vulnerability to land degradation, climate-smart land-use ...",Monitor* AND Report* AND Verif* AND MRV AND soil*,26,2,SEO,Non,thenews,www.thenews.com.pk,10/02/25
https://www.morningstar.com/news/pr-newswire/20250209ny14633/from-the-drive-thru-to-the-big-screen-taco-bell-features-nearly-400-real-fans-in-its-big-game-ad,TACO BELL FEATURES NEARLY 400 REAL FANS IN ITS ...,"TACO BELL FEATURES NEARLY 400 REAL FANS IN ITS ...
Morningstar
https://www.morningstar.com › news
·
Traduire cette page
il y a 18 heures — ... News · PR Newswire. FROM THE DRIVE-THRU TO THE BIG SCREEN: TACO BELL FEATURES NEARLY 400 REAL FANS IN ITS BIG GAME AD. FROM THE DRIVE-THRU TO ...",Monitor* AND Report* AND Verif* AND MRV AND soil*,26,3,SEO,Non,morningstar,www.morningstar.com,10/02/25
https://en.wikipedia.org/wiki/Greenhouse_gas_emissions_by_Turkey,Greenhouse gas emissions by Turkey,"Greenhouse gas emissions by Turkey
Wikipedia
https://en.wikipedia.org › wiki
·
Traduire cette page
Monitoring, reporting and verification (MRV) includes sharing information ... Clay Cement, which is only half clinker. The second-largest reduction ...",Monitor* AND Report* AND Verif* AND MRV AND soil*,26,4,SEO,Non,wikipedia,en.wikipedia.org,10/02/25
https://co2re.org/research-home/mrv-socioecological-systems/mrv/,"Monitoring, reporting and verification - CO₂RE","Monitoring, reporting and verification - CO₂RE
CO₂RE - The Greenhouse Gas Removal Hub
https://co2re.org › mrv
·
Traduire cette page
Without accurate and transparent systems of monitoring, reporting and verification (MRV) it is not possible to track the deployment and effectiveness of ...",Monitor* AND Report* AND Verif* AND MRV AND soil*,26,5,SEO,Non,co2re,co2re.org,10/02/25
https://www.newsngr.com.ng/2025/01/olam-agri-shaping-the-futureof-global-food-systems/,Olam Agri: Shaping The Futureof Global Food Systems,"Olam Agri: Shaping The Futureof Global Food Systems
newsngr.com.ng
https://www.newsngr.com.ng › ola...
·
Traduire cette page
7 janv. 2025 — One of the key areas where technology is making a significant impact is in our Monitoring, Reporting, and Verification (MRV) processes. By ...",Monitor* AND Report* AND Verif* AND MRV AND soil*,26,6,SEO,Non,newsngr,www.newsngr.com.ng,10/02/25
https://en.wikipedia.org/wiki/Tomorrowland_(festival),Tomorrowland (festival),"Tomorrowland (festival)
Wikipedia
https://en.wikipedia.org › wiki
·
Traduire cette page
This article is about the annual electronic dance music festival in Belgium. ... In April 2014, MTV announced that it would produce two hour-long MTV World ...",Monitor* AND Report* AND Verif* AND MRV AND soil*,27,1,SEO,Non,wikipedia,en.wikipedia.org,10/02/25
https://www.thenews.com.pk/print/1280468-ndc-lessons-from-the-uae-and-brazil,NDC lessons from the UAE and Brazil,"NDC lessons from the UAE and Brazil
The News International
https://www.thenews.com.pk › print
·
Traduire cette page
il y a 3 jours — ... Monitoring, Reporting, and Verification (MRV) framework. The UAE's ... Given Pakistan's vulnerability to land degradation, climate-smart land-use ...",Monitor* AND Report* AND Verif* AND MRV AND soil*,27,2,SEO,Non,thenews,www.thenews.com.pk,10/02/25
https://www.morningstar.com/news/pr-newswire/20250209ny14633/from-the-drive-thru-to-the-big-screen-taco-bell-features-nearly-400-real-fans-in-its-big-game-ad,TACO BELL FEATURES NEARLY 400 REAL FANS IN ITS ...,"TACO BELL FEATURES NEARLY 400 REAL FANS IN ITS ...
Morningstar
https://www.morningstar.com › news
·
Traduire cette page
il y a 18 heures — ... News · PR Newswire. FROM THE DRIVE-THRU TO THE BIG SCREEN: TACO BELL FEATURES NEARLY 400 REAL FANS IN ITS BIG GAME AD. FROM THE DRIVE-THRU TO ...",Monitor* AND Report* AND Verif* AND MRV AND soil*,27,3,SEO,Non,morningstar,www.morningstar.com,10/02/25
https://en.wikipedia.org/wiki/Greenhouse_gas_emissions_by_Turkey,Greenhouse gas emissions by Turkey,"Greenhouse gas emissions by Turkey
Wikipedia
https://en.wikipedia.org › wiki
·
Traduire cette page
Monitoring, reporting and verification (MRV) includes sharing information ... Clay Cement, which is only half clinker. The second-largest reduction ...",Monitor* AND Report* AND Verif* AND MRV AND soil*,27,4,SEO,Non,wikipedia,en.wikipedia.org,10/02/25
https://co2re.org/research-home/mrv-socioecological-systems/mrv/,"Monitoring, reporting and verification - CO₂RE","Monitoring, reporting and verification - CO₂RE
CO₂RE - The Greenhouse Gas Removal Hub
https://co2re.org › mrv
·
Traduire cette page
Without accurate and transparent systems of monitoring, reporting and verification (MRV) it is not possible to track the deployment and effectiveness of ...",Monitor* AND Report* AND Verif* AND MRV AND soil*,27,5,SEO,Non,co2re,co2re.org,10/02/25
https://www.newsngr.com.ng/2025/01/olam-agri-shaping-the-futureof-global-food-systems/,Olam Agri: Shaping The Futureof Global Food Systems,"Olam Agri: Shaping The Futureof Global Food Systems
newsngr.com.ng
https://www.newsngr.com.ng › ola...
·
Traduire cette page
7 janv. 2025 — One of the key areas where technology is making a significant impact is in our Monitoring, Reporting, and Verification (MRV) processes. By ...",Monitor* AND Report* AND Verif* AND MRV AND soil*,27,6,SEO,Non,newsngr,www.newsngr.com.ng,10/02/25
https://en.wikipedia.org/wiki/Tomorrowland_(festival),Tomorrowland (festival),"Tomorrowland (festival)
Wikipedia
https://en.wikipedia.org › wiki
·
Traduire cette page
This article is about the annual electronic dance music festival in Belgium. ... In April 2014, MTV announced that it would produce two hour-long MTV World ...",Monitor* AND Report* AND Verif* AND MRV AND soil*,28,1,SEO,Non,wikipedia,en.wikipedia.org,10/02/25
https://www.thenews.com.pk/print/1280468-ndc-lessons-from-the-uae-and-brazil,NDC lessons from the UAE and Brazil,"NDC lessons from the UAE and Brazil
The News International
https://www.thenews.com.pk › print
·
Traduire cette page
il y a 3 jours — ... Monitoring, Reporting, and Verification (MRV) framework. The UAE's ... Given Pakistan's vulnerability to land degradation, climate-smart land-use ...",Monitor* AND Report* AND Verif* AND MRV AND soil*,28,2,SEO,Non,thenews,www.thenews.com.pk,10/02/25
https://www.morningstar.com/news/pr-newswire/20250209ny14633/from-the-drive-thru-to-the-big-screen-taco-bell-features-nearly-400-real-fans-in-its-big-game-ad,TACO BELL FEATURES NEARLY 400 REAL FANS IN ITS ...,"TACO BELL FEATURES NEARLY 400 REAL FANS IN ITS ...
Morningstar
https://www.morningstar.com › news
·
Traduire cette page
il y a 18 heures — ... News · PR Newswire. FROM THE DRIVE-THRU TO THE BIG SCREEN: TACO BELL FEATURES NEARLY 400 REAL FANS IN ITS BIG GAME AD. FROM THE DRIVE-THRU TO ...",Monitor* AND Report* AND Verif* AND MRV AND soil*,28,3,SEO,Non,morningstar,www.morningstar.com,10/02/25
https://en.wikipedia.org/wiki/Greenhouse_gas_emissions_by_Turkey,Greenhouse gas emissions by Turkey,"Greenhouse gas emissions by Turkey
Wikipedia
https://en.wikipedia.org › wiki
·
Traduire cette page
Monitoring, reporting and verification (MRV) includes sharing information ... Clay Cement, which is only half clinker. The second-largest reduction ...",Monitor* AND Report* AND Verif* AND MRV AND soil*,28,4,SEO,Non,wikipedia,en.wikipedia.org,10/02/25
https://co2re.org/research-home/mrv-socioecological-systems/mrv/,"Monitoring, reporting and verification - CO₂RE","Monitoring, reporting and verification - CO₂RE
CO₂RE - The Greenhouse Gas Removal Hub
https://co2re.org › mrv
·
Traduire cette page
Without accurate and transparent systems of monitoring, reporting and verification (MRV) it is not possible to track the deployment and effectiveness of ...",Monitor* AND Report* AND Verif* AND MRV AND soil*,28,5,SEO,Non,co2re,co2re.org,10/02/25
https://www.newsngr.com.ng/2025/01/olam-agri-shaping-the-futureof-global-food-systems/,Olam Agri: Shaping The Futureof Global Food Systems,"Olam Agri: Shaping The Futureof Global Food Systems
newsngr.com.ng
https://www.newsngr.com.ng › ola...
·
Traduire cette page
7 janv. 2025 — One of the key areas where technology is making a significant impact is in our Monitoring, Reporting, and Verification (MRV) processes. By ...",Monitor* AND Report* AND Verif* AND MRV AND soil*,28,6,SEO,Non,newsngr,www.newsngr.com.ng,10/02/25
https://en.wikipedia.org/wiki/Tomorrowland_(festival),Tomorrowland (festival),"Tomorrowland (festival)
Wikipedia
https://en.wikipedia.org › wiki
·
Traduire cette page
This article is about the annual electronic dance music festival in Belgium. ... In April 2014, MTV announced that it would produce two hour-long MTV World ...",Monitor* AND Report* AND Verif* AND MRV AND soil*,29,1,SEO,Non,wikipedia,en.wikipedia.org,10/02/25
https://www.thenews.com.pk/print/1280468-ndc-lessons-from-the-uae-and-brazil,NDC lessons from the UAE and Brazil,"NDC lessons from the UAE and Brazil
The News International
https://www.thenews.com.pk › print
·
Traduire cette page
il y a 3 jours — ... Monitoring, Reporting, and Verification (MRV) framework. The UAE's ... Given Pakistan's vulnerability to land degradation, climate-smart land-use ...",Monitor* AND Report* AND Verif* AND MRV AND soil*,29,2,SEO,Non,thenews,www.thenews.com.pk,10/02/25
https://www.morningstar.com/news/pr-newswire/20250209ny14633/from-the-drive-thru-to-the-big-screen-taco-bell-features-nearly-400-real-fans-in-its-big-game-ad,TACO BELL FEATURES NEARLY 400 REAL FANS IN ITS ...,"TACO BELL FEATURES NEARLY 400 REAL FANS IN ITS ...
Morningstar
https://www.morningstar.com › news
·
Traduire cette page
il y a 18 heures — ... News · PR Newswire. FROM THE DRIVE-THRU TO THE BIG SCREEN: TACO BELL FEATURES NEARLY 400 REAL FANS IN ITS BIG GAME AD. FROM THE DRIVE-THRU TO ...",Monitor* AND Report* AND Verif* AND MRV AND soil*,29,3,SEO,Non,morningstar,www.morningstar.com,10/02/25
https://en.wikipedia.org/wiki/Greenhouse_gas_emissions_by_Turkey,Greenhouse gas emissions by Turkey,"Greenhouse gas emissions by Turkey
Wikipedia
https://en.wikipedia.org › wiki
·
Traduire cette page
Monitoring, reporting and verification (MRV) includes sharing information ... Clay Cement, which is only half clinker. The second-largest reduction ...",Monitor* AND Report* AND Verif* AND MRV AND soil*,29,4,SEO,Non,wikipedia,en.wikipedia.org,10/02/25
https://co2re.org/research-home/mrv-socioecological-systems/mrv/,"Monitoring, reporting and verification - CO₂RE","Monitoring, reporting and verification - CO₂RE
CO₂RE - The Greenhouse Gas Removal Hub
https://co2re.org › mrv
·
Traduire cette page
Without accurate and transparent systems of monitoring, reporting and verification (MRV) it is not possible to track the deployment and effectiveness of ...",Monitor* AND Report* AND Verif* AND MRV AND soil*,29,5,SEO,Non,co2re,co2re.org,10/02/25
https://www.newsngr.com.ng/2025/01/olam-agri-shaping-the-futureof-global-food-systems/,Olam Agri: Shaping The Futureof Global Food Systems,"Olam Agri: Shaping The Futureof Global Food Systems
newsngr.com.ng
https://www.newsngr.com.ng › ola...
·
Traduire cette page
7 janv. 2025 — One of the key areas where technology is making a significant impact is in our Monitoring, Reporting, and Verification (MRV) processes. By ...",Monitor* AND Report* AND Verif* AND MRV AND soil*,29,6,SEO,Non,newsngr,www.newsngr.com.ng,10/02/25
https://en.wikipedia.org/wiki/Tomorrowland_(festival),Tomorrowland (festival),"Tomorrowland (festival)
Wikipedia
https://en.wikipedia.org › wiki
·
Traduire cette page
This article is about the annual electronic dance music festival in Belgium. ... In April 2014, MTV announced that it would produce two hour-long MTV World ...",Monitor* AND Report* AND Verif* AND MRV AND soil*,30,1,SEO,Non,wikipedia,en.wikipedia.org,10/02/25
https://www.thenews.com.pk/print/1280468-ndc-lessons-from-the-uae-and-brazil,NDC lessons from the UAE and Brazil,"NDC lessons from the UAE and Brazil
The News International
https://www.thenews.com.pk › print
·
Traduire cette page
il y a 3 jours — ... Monitoring, Reporting, and Verification (MRV) framework. The UAE's ... Given Pakistan's vulnerability to land degradation, climate-smart land-use ...",Monitor* AND Report* AND Verif* AND MRV AND soil*,30,2,SEO,Non,thenews,www.thenews.com.pk,10/02/25
https://www.morningstar.com/news/pr-newswire/20250209ny14633/from-the-drive-thru-to-the-big-screen-taco-bell-features-nearly-400-real-fans-in-its-big-game-ad,TACO BELL FEATURES NEARLY 400 REAL FANS IN ITS ...,"TACO BELL FEATURES NEARLY 400 REAL FANS IN ITS ...
Morningstar
https://www.morningstar.com › news
·
Traduire cette page
il y a 18 heures — ... News · PR Newswire. FROM THE DRIVE-THRU TO THE BIG SCREEN: TACO BELL FEATURES NEARLY 400 REAL FANS IN ITS BIG GAME AD. FROM THE DRIVE-THRU TO ...",Monitor* AND Report* AND Verif* AND MRV AND soil*,30,3,SEO,Non,morningstar,www.morningstar.com,10/02/25
https://en.wikipedia.org/wiki/Greenhouse_gas_emissions_by_Turkey,Greenhouse gas emissions by Turkey,"Greenhouse gas emissions by Turkey
Wikipedia
https://en.wikipedia.org › wiki
·
Traduire cette page
Monitoring, reporting and verification (MRV) includes sharing information ... Clay Cement, which is only half clinker. The second-largest reduction ...",Monitor* AND Report* AND Verif* AND MRV AND soil*,30,4,SEO,Non,wikipedia,en.wikipedia.org,10/02/25
https://co2re.org/research-home/mrv-socioecological-systems/mrv/,"Monitoring, reporting and verification - CO₂RE","Monitoring, reporting and verification - CO₂RE
CO₂RE - The Greenhouse Gas Removal Hub
https://co2re.org › mrv
·
Traduire cette page
Without accurate and transparent systems of monitoring, reporting and verification (MRV) it is not possible to track the deployment and effectiveness of ...",Monitor* AND Report* AND Verif* AND MRV AND soil*,30,5,SEO,Non,co2re,co2re.org,10/02/25
https://www.newsngr.com.ng/2025/01/olam-agri-shaping-the-futureof-global-food-systems/,Olam Agri: Shaping The Futureof Global Food Systems,"Olam Agri: Shaping The Futureof Global Food Systems
newsngr.com.ng
https://www.newsngr.com.ng › ola...
·
Traduire cette page
7 janv. 2025 — One of the key areas where technology is making a significant impact is in our Monitoring, Reporting, and Verification (MRV) processes. By ...",Monitor* AND Report* AND Verif* AND MRV AND soil*,30,6,SEO,Non,newsngr,www.newsngr.com.ng,10/02/25
https://en.wikipedia.org/wiki/Tomorrowland_(festival),Tomorrowland (festival),"Tomorrowland (festival)
Wikipedia
https://en.wikipedia.org › wiki
·
Traduire cette page
This article is about the annual electronic dance music festival in Belgium. ... In April 2014, MTV announced that it would produce two hour-long MTV World ...",Monitor* AND Report* AND Verif* AND MRV AND soil*,31,1,SEO,Non,wikipedia,en.wikipedia.org,10/02/25
https://www.thenews.com.pk/print/1280468-ndc-lessons-from-the-uae-and-brazil,NDC lessons from the UAE and Brazil,"NDC lessons from the UAE and Brazil
The News International
https://www.thenews.com.pk › print
·
Traduire cette page
il y a 3 jours — ... Monitoring, Reporting, and Verification (MRV) framework. The UAE's ... Given Pakistan's vulnerability to land degradation, climate-smart land-use ...",Monitor* AND Report* AND Verif* AND MRV AND soil*,31,2,SEO,Non,thenews,www.thenews.com.pk,10/02/25
https://www.morningstar.com/news/pr-newswire/20250209ny14633/from-the-drive-thru-to-the-big-screen-taco-bell-features-nearly-400-real-fans-in-its-big-game-ad,TACO BELL FEATURES NEARLY 400 REAL FANS IN ITS ...,"TACO BELL FEATURES NEARLY 400 REAL FANS IN ITS ...
Morningstar
https://www.morningstar.com › news
·
Traduire cette page
il y a 18 heures — ... News · PR Newswire. FROM THE DRIVE-THRU TO THE BIG SCREEN: TACO BELL FEATURES NEARLY 400 REAL FANS IN ITS BIG GAME AD. FROM THE DRIVE-THRU TO ...",Monitor* AND Report* AND Verif* AND MRV AND soil*,31,3,SEO,Non,morningstar,www.morningstar.com,10/02/25
https://en.wikipedia.org/wiki/Greenhouse_gas_emissions_by_Turkey,Greenhouse gas emissions by Turkey,"Greenhouse gas emissions by Turkey
Wikipedia
https://en.wikipedia.org › wiki
·
Traduire cette page
Monitoring, reporting and verification (MRV) includes sharing information ... Clay Cement, which is only half clinker. The second-largest reduction ...",Monitor* AND Report* AND Verif* AND MRV AND soil*,31,4,SEO,Non,wikipedia,en.wikipedia.org,10/02/25
https://co2re.org/research-home/mrv-socioecological-systems/mrv/,"Monitoring, reporting and verification - CO₂RE","Monitoring, reporting and verification - CO₂RE
CO₂RE - The Greenhouse Gas Removal Hub
https://co2re.org › mrv
·
Traduire cette page
Without accurate and transparent systems of monitoring, reporting and verification (MRV) it is not possible to track the deployment and effectiveness of ...",Monitor* AND Report* AND Verif* AND MRV AND soil*,31,5,SEO,Non,co2re,co2re.org,10/02/25
https://www.newsngr.com.ng/2025/01/olam-agri-shaping-the-futureof-global-food-systems/,Olam Agri: Shaping The Futureof Global Food Systems,"Olam Agri: Shaping The Futureof Global Food Systems
newsngr.com.ng
https://www.newsngr.com.ng › ola...
·
Traduire cette page
7 janv. 2025 — One of the key areas where technology is making a significant impact is in our Monitoring, Reporting, and Verification (MRV) processes. By ...",Monitor* AND Report* AND Verif* AND MRV AND soil*,31,6,SEO,Non,newsngr,www.newsngr.com.ng,10/02/25
https://en.wikipedia.org/wiki/Tomorrowland_(festival),Tomorrowland (festival),"Tomorrowland (festival)
Wikipedia
https://en.wikipedia.org › wiki
·
Traduire cette page
This article is about the annual electronic dance music festival in Belgium. ... In April 2014, MTV announced that it would produce two hour-long MTV World ...",Monitor* AND Report* AND Verif* AND MRV AND soil*,32,1,SEO,Non,wikipedia,en.wikipedia.org,10/02/25
https://www.thenews.com.pk/print/1280468-ndc-lessons-from-the-uae-and-brazil,NDC lessons from the UAE and Brazil,"NDC lessons from the UAE and Brazil
The News International
https://www.thenews.com.pk › print
·
Traduire cette page
il y a 3 jours — ... Monitoring, Reporting, and Verification (MRV) framework. The UAE's ... Given Pakistan's vulnerability to land degradation, climate-smart land-use ...",Monitor* AND Report* AND Verif* AND MRV AND soil*,32,2,SEO,Non,thenews,www.thenews.com.pk,10/02/25
https://www.morningstar.com/news/pr-newswire/20250209ny14633/from-the-drive-thru-to-the-big-screen-taco-bell-features-nearly-400-real-fans-in-its-big-game-ad,TACO BELL FEATURES NEARLY 400 REAL FANS IN ITS ...,"TACO BELL FEATURES NEARLY 400 REAL FANS IN ITS ...
Morningstar
https://www.morningstar.com › news
·
Traduire cette page
il y a 18 heures — ... News · PR Newswire. FROM THE DRIVE-THRU TO THE BIG SCREEN: TACO BELL FEATURES NEARLY 400 REAL FANS IN ITS BIG GAME AD. FROM THE DRIVE-THRU TO ...",Monitor* AND Report* AND Verif* AND MRV AND soil*,32,3,SEO,Non,morningstar,www.morningstar.com,10/02/25
https://en.wikipedia.org/wiki/Greenhouse_gas_emissions_by_Turkey,Greenhouse gas emissions by Turkey,"Greenhouse gas emissions by Turkey
Wikipedia
https://en.wikipedia.org › wiki
·
Traduire cette page
Monitoring, reporting and verification (MRV) includes sharing information ... Clay Cement, which is only half clinker. The second-largest reduction ...",Monitor* AND Report* AND Verif* AND MRV AND soil*,32,4,SEO,Non,wikipedia,en.wikipedia.org,10/02/25
https://co2re.org/research-home/mrv-socioecological-systems/mrv/,"Monitoring, reporting and verification - CO₂RE","Monitoring, reporting and verification - CO₂RE
CO₂RE - The Greenhouse Gas Removal Hub
https://co2re.org › mrv
·
Traduire cette page
Without accurate and transparent systems of monitoring, reporting and verification (MRV) it is not possible to track the deployment and effectiveness of ...",Monitor* AND Report* AND Verif* AND MRV AND soil*,32,5,SEO,Non,co2re,co2re.org,10/02/25
https://www.newsngr.com.ng/2025/01/olam-agri-shaping-the-futureof-global-food-systems/,Olam Agri: Shaping The Futureof Global Food Systems,"Olam Agri: Shaping The Futureof Global Food Systems
newsngr.com.ng
https://www.newsngr.com.ng › ola...
·
Traduire cette page
7 janv. 2025 — One of the key areas where technology is making a significant impact is in our Monitoring, Reporting, and Verification (MRV) processes. By ...",Monitor* AND Report* AND Verif* AND MRV AND soil*,32,6,SEO,Non,newsngr,www.newsngr.com.ng,10/02/25
https://en.wikipedia.org/wiki/Tomorrowland_(festival),Tomorrowland (festival),"Tomorrowland (festival)
Wikipedia
https://en.wikipedia.org › wiki
·
Traduire cette page
This article is about the annual electronic dance music festival in Belgium. ... In April 2014, MTV announced that it would produce two hour-long MTV World ...",Monitor* AND Report* AND Verif* AND MRV AND soil*,33,1,SEO,Non,wikipedia,en.wikipedia.org,10/02/25
https://www.thenews.com.pk/print/1280468-ndc-lessons-from-the-uae-and-brazil,NDC lessons from the UAE and Brazil,"NDC lessons from the UAE and Brazil
The News International
https://www.thenews.com.pk › print
·
Traduire cette page
il y a 3 jours — ... Monitoring, Reporting, and Verification (MRV) framework. The UAE's ... Given Pakistan's vulnerability to land degradation, climate-smart land-use ...",Monitor* AND Report* AND Verif* AND MRV AND soil*,33,2,SEO,Non,thenews,www.thenews.com.pk,10/02/25
https://www.morningstar.com/news/pr-newswire/20250209ny14633/from-the-drive-thru-to-the-big-screen-taco-bell-features-nearly-400-real-fans-in-its-big-game-ad,TACO BELL FEATURES NEARLY 400 REAL FANS IN ITS ...,"TACO BELL FEATURES NEARLY 400 REAL FANS IN ITS ...
Morningstar
https://www.morningstar.com › news
·
Traduire cette page
il y a 18 heures — ... News · PR Newswire. FROM THE DRIVE-THRU TO THE BIG SCREEN: TACO BELL FEATURES NEARLY 400 REAL FANS IN ITS BIG GAME AD. FROM THE DRIVE-THRU TO ...",Monitor* AND Report* AND Verif* AND MRV AND soil*,33,3,SEO,Non,morningstar,www.morningstar.com,10/02/25
https://en.wikipedia.org/wiki/Greenhouse_gas_emissions_by_Turkey,Greenhouse gas emissions by Turkey,"Greenhouse gas emissions by Turkey
Wikipedia
https://en.wikipedia.org › wiki
·
Traduire cette page
Monitoring, reporting and verification (MRV) includes sharing information ... Clay Cement, which is only half clinker. The second-largest reduction ...",Monitor* AND Report* AND Verif* AND MRV AND soil*,33,4,SEO,Non,wikipedia,en.wikipedia.org,10/02/25
https://co2re.org/research-home/mrv-socioecological-systems/mrv/,"Monitoring, reporting and verification - CO₂RE","Monitoring, reporting and verification - CO₂RE
CO₂RE - The Greenhouse Gas Removal Hub
https://co2re.org › mrv
·
Traduire cette page
Without accurate and transparent systems of monitoring, reporting and verification (MRV) it is not possible to track the deployment and effectiveness of ...",Monitor* AND Report* AND Verif* AND MRV AND soil*,33,5,SEO,Non,co2re,co2re.org,10/02/25
https://www.newsngr.com.ng/2025/01/olam-agri-shaping-the-futureof-global-food-systems/,Olam Agri: Shaping The Futureof Global Food Systems,"Olam Agri: Shaping The Futureof Global Food Systems
newsngr.com.ng
https://www.newsngr.com.ng › ola...
·
Traduire cette page
7 janv. 2025 — One of the key areas where technology is making a significant impact is in our Monitoring, Reporting, and Verification (MRV) processes. By ...",Monitor* AND Report* AND Verif* AND MRV AND soil*,33,6,SEO,Non,newsngr,www.newsngr.com.ng,10/02/25
https://en.wikipedia.org/wiki/Tomorrowland_(festival),Tomorrowland (festival),"Tomorrowland (festival)
Wikipedia
https://en.wikipedia.org › wiki
·
Traduire cette page
This article is about the annual electronic dance music festival in Belgium. ... In April 2014, MTV announced that it would produce two hour-long MTV World ...",Monitor* AND Report* AND Verif* AND MRV AND soil*,34,1,SEO,Non,wikipedia,en.wikipedia.org,10/02/25
https://www.thenews.com.pk/print/1280468-ndc-lessons-from-the-uae-and-brazil,NDC lessons from the UAE and Brazil,"NDC lessons from the UAE and Brazil
The News International
https://www.thenews.com.pk › print
·
Traduire cette page
il y a 3 jours — ... Monitoring, Reporting, and Verification (MRV) framework. The UAE's ... Given Pakistan's vulnerability to land degradation, climate-smart land-use ...",Monitor* AND Report* AND Verif* AND MRV AND soil*,34,2,SEO,Non,thenews,www.thenews.com.pk,10/02/25
https://www.morningstar.com/news/pr-newswire/20250209ny14633/from-the-drive-thru-to-the-big-screen-taco-bell-features-nearly-400-real-fans-in-its-big-game-ad,TACO BELL FEATURES NEARLY 400 REAL FANS IN ITS ...,"TACO BELL FEATURES NEARLY 400 REAL FANS IN ITS ...
Morningstar
https://www.morningstar.com › news
·
Traduire cette page
il y a 18 heures — ... News · PR Newswire. FROM THE DRIVE-THRU TO THE BIG SCREEN: TACO BELL FEATURES NEARLY 400 REAL FANS IN ITS BIG GAME AD. FROM THE DRIVE-THRU TO ...",Monitor* AND Report* AND Verif* AND MRV AND soil*,34,3,SEO,Non,morningstar,www.morningstar.com,10/02/25
https://en.wikipedia.org/wiki/Greenhouse_gas_emissions_by_Turkey,Greenhouse gas emissions by Turkey,"Greenhouse gas emissions by Turkey
Wikipedia
https://en.wikipedia.org › wiki
·
Traduire cette page
Monitoring, reporting and verification (MRV) includes sharing information ... Clay Cement, which is only half clinker. The second-largest reduction ...",Monitor* AND Report* AND Verif* AND MRV AND soil*,34,4,SEO,Non,wikipedia,en.wikipedia.org,10/02/25
https://co2re.org/research-home/mrv-socioecological-systems/mrv/,"Monitoring, reporting and verification - CO₂RE","Monitoring, reporting and verification - CO₂RE
CO₂RE - The Greenhouse Gas Removal Hub
https://co2re.org › mrv
·
Traduire cette page
Without accurate and transparent systems of monitoring, reporting and verification (MRV) it is not possible to track the deployment and effectiveness of ...",Monitor* AND Report* AND Verif* AND MRV AND soil*,34,5,SEO,Non,co2re,co2re.org,10/02/25
https://www.newsngr.com.ng/2025/01/olam-agri-shaping-the-futureof-global-food-systems/,Olam Agri: Shaping The Futureof Global Food Systems,"Olam Agri: Shaping The Futureof Global Food Systems
newsngr.com.ng
https://www.newsngr.com.ng › ola...
·
Traduire cette page
7 janv. 2025 — One of the key areas where technology is making a significant impact is in our Monitoring, Reporting, and Verification (MRV) processes. By ...",Monitor* AND Report* AND Verif* AND MRV AND soil*,34,6,SEO,Non,newsngr,www.newsngr.com.ng,10/02/25
https://en.wikipedia.org/wiki/Tomorrowland_(festival),Tomorrowland (festival),"Tomorrowland (festival)
Wikipedia
https://en.wikipedia.org › wiki
·
Traduire cette page
This article is about the annual electronic dance music festival in Belgium. ... In April 2014, MTV announced that it would produce two hour-long MTV World ...",Monitor* AND Report* AND Verif* AND MRV AND soil*,35,1,SEO,Non,wikipedia,en.wikipedia.org,10/02/25
https://www.thenews.com.pk/print/1280468-ndc-lessons-from-the-uae-and-brazil,NDC lessons from the UAE and Brazil,"NDC lessons from the UAE and Brazil
The News International
https://www.thenews.com.pk › print
·
Traduire cette page
il y a 3 jours — ... Monitoring, Reporting, and Verification (MRV) framework. The UAE's ... Given Pakistan's vulnerability to land degradation, climate-smart land-use ...",Monitor* AND Report* AND Verif* AND MRV AND soil*,35,2,SEO,Non,thenews,www.thenews.com.pk,10/02/25
https://www.morningstar.com/news/pr-newswire/20250209ny14633/from-the-drive-thru-to-the-big-screen-taco-bell-features-nearly-400-real-fans-in-its-big-game-ad,TACO BELL FEATURES NEARLY 400 REAL FANS IN ITS ...,"TACO BELL FEATURES NEARLY 400 REAL FANS IN ITS ...
Morningstar
https://www.morningstar.com › news
·
Traduire cette page
il y a 18 heures — ... News · PR Newswire. FROM THE DRIVE-THRU TO THE BIG SCREEN: TACO BELL FEATURES NEARLY 400 REAL FANS IN ITS BIG GAME AD. FROM THE DRIVE-THRU TO ...",Monitor* AND Report* AND Verif* AND MRV AND soil*,35,3,SEO,Non,morningstar,www.morningstar.com,10/02/25
https://en.wikipedia.org/wiki/Greenhouse_gas_emissions_by_Turkey,Greenhouse gas emissions by Turkey,"Greenhouse gas emissions by Turkey
Wikipedia
https://en.wikipedia.org › wiki
·
Traduire cette page
Monitoring, reporting and verification (MRV) includes sharing information ... Clay Cement, which is only half clinker. The second-largest reduction ...",Monitor* AND Report* AND Verif* AND MRV AND soil*,35,4,SEO,Non,wikipedia,en.wikipedia.org,10/02/25
https://co2re.org/research-home/mrv-socioecological-systems/mrv/,"Monitoring, reporting and verification - CO₂RE","Monitoring, reporting and verification - CO₂RE
CO₂RE - The Greenhouse Gas Removal Hub
https://co2re.org › mrv
·
Traduire cette page
Without accurate and transparent systems of monitoring, reporting and verification (MRV) it is not possible to track the deployment and effectiveness of ...",Monitor* AND Report* AND Verif* AND MRV AND soil*,35,5,SEO,Non,co2re,co2re.org,10/02/25
https://www.newsngr.com.ng/2025/01/olam-agri-shaping-the-futureof-global-food-systems/,Olam Agri: Shaping The Futureof Global Food Systems,"Olam Agri: Shaping The Futureof Global Food Systems
newsngr.com.ng
https://www.newsngr.com.ng › ola...
·
Traduire cette page
7 janv. 2025 — One of the key areas where technology is making a significant impact is in our Monitoring, Reporting, and Verification (MRV) processes. By ...",Monitor* AND Report* AND Verif* AND MRV AND soil*,35,6,SEO,Non,newsngr,www.newsngr.com.ng,10/02/25
https://en.wikipedia.org/wiki/Tomorrowland_(festival),Tomorrowland (festival),"Tomorrowland (festival)
Wikipedia
https://en.wikipedia.org › wiki
·
Traduire cette page
This article is about the annual electronic dance music festival in Belgium. ... In April 2014, MTV announced that it would produce two hour-long MTV World ...",Monitor* AND Report* AND Verif* AND MRV AND soil*,36,1,SEO,Non,wikipedia,en.wikipedia.org,10/02/25
https://www.thenews.com.pk/print/1280468-ndc-lessons-from-the-uae-and-brazil,NDC lessons from the UAE and Brazil,"NDC lessons from the UAE and Brazil
The News International
https://www.thenews.com.pk › print
·
Traduire cette page
il y a 3 jours — ... Monitoring, Reporting, and Verification (MRV) framework. The UAE's ... Given Pakistan's vulnerability to land degradation, climate-smart land-use ...",Monitor* AND Report* AND Verif* AND MRV AND soil*,36,2,SEO,Non,thenews,www.thenews.com.pk,10/02/25
https://www.morningstar.com/news/pr-newswire/20250209ny14633/from-the-drive-thru-to-the-big-screen-taco-bell-features-nearly-400-real-fans-in-its-big-game-ad,TACO BELL FEATURES NEARLY 400 REAL FANS IN ITS ...,"TACO BELL FEATURES NEARLY 400 REAL FANS IN ITS ...
Morningstar
https://www.morningstar.com › news
·
Traduire cette page
il y a 18 heures — ... News · PR Newswire. FROM THE DRIVE-THRU TO THE BIG SCREEN: TACO BELL FEATURES NEARLY 400 REAL FANS IN ITS BIG GAME AD. FROM THE DRIVE-THRU TO ...",Monitor* AND Report* AND Verif* AND MRV AND soil*,36,3,SEO,Non,morningstar,www.morningstar.com,10/02/25
https://en.wikipedia.org/wiki/Greenhouse_gas_emissions_by_Turkey,Greenhouse gas emissions by Turkey,"Greenhouse gas emissions by Turkey
Wikipedia
https://en.wikipedia.org › wiki
·
Traduire cette page
Monitoring, reporting and verification (MRV) includes sharing information ... Clay Cement, which is only half clinker. The second-largest reduction ...",Monitor* AND Report* AND Verif* AND MRV AND soil*,36,4,SEO,Non,wikipedia,en.wikipedia.org,10/02/25
https://co2re.org/research-home/mrv-socioecological-systems/mrv/,"Monitoring, reporting and verification - CO₂RE","Monitoring, reporting and verification - CO₂RE
CO₂RE - The Greenhouse Gas Removal Hub
https://co2re.org › mrv
·
Traduire cette page
Without accurate and transparent systems of monitoring, reporting and verification (MRV) it is not possible to track the deployment and effectiveness of ...",Monitor* AND Report* AND Verif* AND MRV AND soil*,36,5,SEO,Non,co2re,co2re.org,10/02/25
https://www.newsngr.com.ng/2025/01/olam-agri-shaping-the-futureof-global-food-systems/,Olam Agri: Shaping The Futureof Global Food Systems,"Olam Agri: Shaping The Futureof Global Food Systems
newsngr.com.ng
https://www.newsngr.com.ng › ola...
·
Traduire cette page
7 janv. 2025 — One of the key areas where technology is making a significant impact is in our Monitoring, Reporting, and Verification (MRV) processes. By ...",Monitor* AND Report* AND Verif* AND MRV AND soil*,36,6,SEO,Non,newsngr,www.newsngr.com.ng,10/02/25
https://en.wikipedia.org/wiki/Tomorrowland_(festival),Tomorrowland (festival),"Tomorrowland (festival)
Wikipedia
https://en.wikipedia.org › wiki
·
Traduire cette page
This article is about the annual electronic dance music festival in Belgium. ... In April 2014, MTV announced that it would produce two hour-long MTV World ...",Monitor* AND Report* AND Verif* AND MRV AND soil*,37,1,SEO,Non,wikipedia,en.wikipedia.org,10/02/25
https://www.thenews.com.pk/print/1280468-ndc-lessons-from-the-uae-and-brazil,NDC lessons from the UAE and Brazil,"NDC lessons from the UAE and Brazil
The News International
https://www.thenews.com.pk › print
·
Traduire cette page
il y a 3 jours — ... Monitoring, Reporting, and Verification (MRV) framework. The UAE's ... Given Pakistan's vulnerability to land degradation, climate-smart land-use ...",Monitor* AND Report* AND Verif* AND MRV AND soil*,37,2,SEO,Non,thenews,www.thenews.com.pk,10/02/25
https://www.morningstar.com/news/pr-newswire/20250209ny14633/from-the-drive-thru-to-the-big-screen-taco-bell-features-nearly-400-real-fans-in-its-big-game-ad,TACO BELL FEATURES NEARLY 400 REAL FANS IN ITS ...,"TACO BELL FEATURES NEARLY 400 REAL FANS IN ITS ...
Morningstar
https://www.morningstar.com › news
·
Traduire cette page
il y a 18 heures — ... News · PR Newswire. FROM THE DRIVE-THRU TO THE BIG SCREEN: TACO BELL FEATURES NEARLY 400 REAL FANS IN ITS BIG GAME AD. FROM THE DRIVE-THRU TO ...",Monitor* AND Report* AND Verif* AND MRV AND soil*,37,3,SEO,Non,morningstar,www.morningstar.com,10/02/25
https://en.wikipedia.org/wiki/Greenhouse_gas_emissions_by_Turkey,Greenhouse gas emissions by Turkey,"Greenhouse gas emissions by Turkey
Wikipedia
https://en.wikipedia.org › wiki
·
Traduire cette page
Monitoring, reporting and verification (MRV) includes sharing information ... Clay Cement, which is only half clinker. The second-largest reduction ...",Monitor* AND Report* AND Verif* AND MRV AND soil*,37,4,SEO,Non,wikipedia,en.wikipedia.org,10/02/25
https://co2re.org/research-home/mrv-socioecological-systems/mrv/,"Monitoring, reporting and verification - CO₂RE","Monitoring, reporting and verification - CO₂RE
CO₂RE - The Greenhouse Gas Removal Hub
https://co2re.org › mrv
·
Traduire cette page
Without accurate and transparent systems of monitoring, reporting and verification (MRV) it is not possible to track the deployment and effectiveness of ...",Monitor* AND Report* AND Verif* AND MRV AND soil*,37,5,SEO,Non,co2re,co2re.org,10/02/25
https://www.newsngr.com.ng/2025/01/olam-agri-shaping-the-futureof-global-food-systems/,Olam Agri: Shaping The Futureof Global Food Systems,"Olam Agri: Shaping The Futureof Global Food Systems
newsngr.com.ng
https://www.newsngr.com.ng › ola...
·
Traduire cette page
7 janv. 2025 — One of the key areas where technology is making a significant impact is in our Monitoring, Reporting, and Verification (MRV) processes. By ...",Monitor* AND Report* AND Verif* AND MRV AND soil*,37,6,SEO,Non,newsngr,www.newsngr.com.ng,10/02/25
https://en.wikipedia.org/wiki/Tomorrowland_(festival),Tomorrowland (festival),"Tomorrowland (festival)
Wikipedia
https://en.wikipedia.org › wiki
·
Traduire cette page
This article is about the annual electronic dance music festival in Belgium. ... In April 2014, MTV announced that it would produce two hour-long MTV World ...",Monitor* AND Report* AND Verif* AND MRV AND soil*,38,1,SEO,Non,wikipedia,en.wikipedia.org,10/02/25
https://www.thenews.com.pk/print/1280468-ndc-lessons-from-the-uae-and-brazil,NDC lessons from the UAE and Brazil,"NDC lessons from the UAE and Brazil
The News International
https://www.thenews.com.pk › print
·
Traduire cette page
il y a 3 jours — ... Monitoring, Reporting, and Verification (MRV) framework. The UAE's ... Given Pakistan's vulnerability to land degradation, climate-smart land-use ...",Monitor* AND Report* AND Verif* AND MRV AND soil*,38,2,SEO,Non,thenews,www.thenews.com.pk,10/02/25
https://www.morningstar.com/news/pr-newswire/20250209ny14633/from-the-drive-thru-to-the-big-screen-taco-bell-features-nearly-400-real-fans-in-its-big-game-ad,TACO BELL FEATURES NEARLY 400 REAL FANS IN ITS ...,"TACO BELL FEATURES NEARLY 400 REAL FANS IN ITS ...
Morningstar
https://www.morningstar.com › news
·
Traduire cette page
il y a 18 heures — ... News · PR Newswire. FROM THE DRIVE-THRU TO THE BIG SCREEN: TACO BELL FEATURES NEARLY 400 REAL FANS IN ITS BIG GAME AD. FROM THE DRIVE-THRU TO ...",Monitor* AND Report* AND Verif* AND MRV AND soil*,38,3,SEO,Non,morningstar,www.morningstar.com,10/02/25
https://en.wikipedia.org/wiki/Greenhouse_gas_emissions_by_Turkey,Greenhouse gas emissions by Turkey,"Greenhouse gas emissions by Turkey
Wikipedia
https://en.wikipedia.org › wiki
·
Traduire cette page
Monitoring, reporting and verification (MRV) includes sharing information ... Clay Cement, which is only half clinker. The second-largest reduction ...",Monitor* AND Report* AND Verif* AND MRV AND soil*,38,4,SEO,Non,wikipedia,en.wikipedia.org,10/02/25
https://co2re.org/research-home/mrv-socioecological-systems/mrv/,"Monitoring, reporting and verification - CO₂RE","Monitoring, reporting and verification - CO₂RE
CO₂RE - The Greenhouse Gas Removal Hub
https://co2re.org › mrv
·
Traduire cette page
Without accurate and transparent systems of monitoring, reporting and verification (MRV) it is not possible to track the deployment and effectiveness of ...",Monitor* AND Report* AND Verif* AND MRV AND soil*,38,5,SEO,Non,co2re,co2re.org,10/02/25
https://www.newsngr.com.ng/2025/01/olam-agri-shaping-the-futureof-global-food-systems/,Olam Agri: Shaping The Futureof Global Food Systems,"Olam Agri: Shaping The Futureof Global Food Systems
newsngr.com.ng
https://www.newsngr.com.ng › ola...
·
Traduire cette page
7 janv. 2025 — One of the key areas where technology is making a significant impact is in our Monitoring, Reporting, and Verification (MRV) processes. By ...",Monitor* AND Report* AND Verif* AND MRV AND soil*,38,6,SEO,Non,newsngr,www.newsngr.com.ng,10/02/25
https://en.wikipedia.org/wiki/Tomorrowland_(festival),Tomorrowland (festival),"Tomorrowland (festival)
Wikipedia
https://en.wikipedia.org › wiki
·
Traduire cette page
This article is about the annual electronic dance music festival in Belgium. ... In April 2014, MTV announced that it would produce two hour-long MTV World ...",Monitor* AND Report* AND Verif* AND MRV AND soil*,39,1,SEO,Non,wikipedia,en.wikipedia.org,10/02/25
https://www.thenews.com.pk/print/1280468-ndc-lessons-from-the-uae-and-brazil,NDC lessons from the UAE and Brazil,"NDC lessons from the UAE and Brazil
The News International
https://www.thenews.com.pk › print
·
Traduire cette page
il y a 3 jours — ... Monitoring, Reporting, and Verification (MRV) framework. The UAE's ... Given Pakistan's vulnerability to land degradation, climate-smart land-use ...",Monitor* AND Report* AND Verif* AND MRV AND soil*,39,2,SEO,Non,thenews,www.thenews.com.pk,10/02/25
https://www.morningstar.com/news/pr-newswire/20250209ny14633/from-the-drive-thru-to-the-big-screen-taco-bell-features-nearly-400-real-fans-in-its-big-game-ad,TACO BELL FEATURES NEARLY 400 REAL FANS IN ITS ...,"TACO BELL FEATURES NEARLY 400 REAL FANS IN ITS ...
Morningstar
https://www.morningstar.com › news
·
Traduire cette page
il y a 18 heures — ... News · PR Newswire. FROM THE DRIVE-THRU TO THE BIG SCREEN: TACO BELL FEATURES NEARLY 400 REAL FANS IN ITS BIG GAME AD. FROM THE DRIVE-THRU TO ...",Monitor* AND Report* AND Verif* AND MRV AND soil*,39,3,SEO,Non,morningstar,www.morningstar.com,10/02/25
https://en.wikipedia.org/wiki/Greenhouse_gas_emissions_by_Turkey,Greenhouse gas emissions by Turkey,"Greenhouse gas emissions by Turkey
Wikipedia
https://en.wikipedia.org › wiki
·
Traduire cette page
Monitoring, reporting and verification (MRV) includes sharing information ... Clay Cement, which is only half clinker. The second-largest reduction ...",Monitor* AND Report* AND Verif* AND MRV AND soil*,39,4,SEO,Non,wikipedia,en.wikipedia.org,10/02/25
https://co2re.org/research-home/mrv-socioecological-systems/mrv/,"Monitoring, reporting and verification - CO₂RE","Monitoring, reporting and verification - CO₂RE
CO₂RE - The Greenhouse Gas Removal Hub
https://co2re.org › mrv
·
Traduire cette page
Without accurate and transparent systems of monitoring, reporting and verification (MRV) it is not possible to track the deployment and effectiveness of ...",Monitor* AND Report* AND Verif* AND MRV AND soil*,39,5,SEO,Non,co2re,co2re.org,10/02/25
https://www.newsngr.com.ng/2025/01/olam-agri-shaping-the-futureof-global-food-systems/,Olam Agri: Shaping The Futureof Global Food Systems,"Olam Agri: Shaping The Futureof Global Food Systems
newsngr.com.ng
https://www.newsngr.com.ng › ola...
·
Traduire cette page
7 janv. 2025 — One of the key areas where technology is making a significant impact is in our Monitoring, Reporting, and Verification (MRV) processes. By ...",Monitor* AND Report* AND Verif* AND MRV AND soil*,39,6,SEO,Non,newsngr,www.newsngr.com.ng,10/02/25
https://en.wikipedia.org/wiki/Tomorrowland_(festival),Tomorrowland (festival),"Tomorrowland (festival)
Wikipedia
https://en.wikipedia.org › wiki
·
Traduire cette page
This article is about the annual electronic dance music festival in Belgium. ... In April 2014, MTV announced that it would produce two hour-long MTV World ...",Monitor* AND Report* AND Verif* AND MRV AND soil*,40,1,SEO,Non,wikipedia,en.wikipedia.org,10/02/25
https://www.thenews.com.pk/print/1280468-ndc-lessons-from-the-uae-and-brazil,NDC lessons from the UAE and Brazil,"NDC lessons from the UAE and Brazil
The News International
https://www.thenews.com.pk › print
·
Traduire cette page
il y a 3 jours — ... Monitoring, Reporting, and Verification (MRV) framework. The UAE's ... Given Pakistan's vulnerability to land degradation, climate-smart land-use ...",Monitor* AND Report* AND Verif* AND MRV AND soil*,40,2,SEO,Non,thenews,www.thenews.com.pk,10/02/25
https://www.morningstar.com/news/pr-newswire/20250209ny14633/from-the-drive-thru-to-the-big-screen-taco-bell-features-nearly-400-real-fans-in-its-big-game-ad,TACO BELL FEATURES NEARLY 400 REAL FANS IN ITS ...,"TACO BELL FEATURES NEARLY 400 REAL FANS IN ITS ...
Morningstar
https://www.morningstar.com › news
·
Traduire cette page
il y a 18 heures — ... News · PR Newswire. FROM THE DRIVE-THRU TO THE BIG SCREEN: TACO BELL FEATURES NEARLY 400 REAL FANS IN ITS BIG GAME AD. FROM THE DRIVE-THRU TO ...",Monitor* AND Report* AND Verif* AND MRV AND soil*,40,3,SEO,Non,morningstar,www.morningstar.com,10/02/25
https://en.wikipedia.org/wiki/Greenhouse_gas_emissions_by_Turkey,Greenhouse gas emissions by Turkey,"Greenhouse gas emissions by Turkey
Wikipedia
https://en.wikipedia.org › wiki
·
Traduire cette page
Monitoring, reporting and verification (MRV) includes sharing information ... Clay Cement, which is only half clinker. The second-largest reduction ...",Monitor* AND Report* AND Verif* AND MRV AND soil*,40,4,SEO,Non,wikipedia,en.wikipedia.org,10/02/25
https://co2re.org/research-home/mrv-socioecological-systems/mrv/,"Monitoring, reporting and verification - CO₂RE","Monitoring, reporting and verification - CO₂RE
CO₂RE - The Greenhouse Gas Removal Hub
https://co2re.org › mrv
·
Traduire cette page
Without accurate and transparent systems of monitoring, reporting and verification (MRV) it is not possible to track the deployment and effectiveness of ...",Monitor* AND Report* AND Verif* AND MRV AND soil*,40,5,SEO,Non,co2re,co2re.org,10/02/25
https://www.newsngr.com.ng/2025/01/olam-agri-shaping-the-futureof-global-food-systems/,Olam Agri: Shaping The Futureof Global Food Systems,"Olam Agri: Shaping The Futureof Global Food Systems
newsngr.com.ng
https://www.newsngr.com.ng › ola...
·
Traduire cette page
7 janv. 2025 — One of the key areas where technology is making a significant impact is in our Monitoring, Reporting, and Verification (MRV) processes. By ...",Monitor* AND Report* AND Verif* AND MRV AND soil*,40,6,SEO,Non,newsngr,www.newsngr.com.ng,10/02/25
https://en.wikipedia.org/wiki/Tomorrowland_(festival),Tomorrowland (festival),"Tomorrowland (festival)
Wikipedia
https://en.wikipedia.org › wiki
·
Traduire cette page
This article is about the annual electronic dance music festival in Belgium. ... In April 2014, MTV announced that it would produce two hour-long MTV World ...",Monitor* AND Report* AND Verif* AND MRV AND soil*,41,1,SEO,Non,wikipedia,en.wikipedia.org,10/02/25
https://www.thenews.com.pk/print/1280468-ndc-lessons-from-the-uae-and-brazil,NDC lessons from the UAE and Brazil,"NDC lessons from the UAE and Brazil
The News International
https://www.thenews.com.pk › print
·
Traduire cette page
il y a 3 jours — ... Monitoring, Reporting, and Verification (MRV) framework. The UAE's ... Given Pakistan's vulnerability to land degradation, climate-smart land-use ...",Monitor* AND Report* AND Verif* AND MRV AND soil*,41,2,SEO,Non,thenews,www.thenews.com.pk,10/02/25
https://www.morningstar.com/news/pr-newswire/20250209ny14633/from-the-drive-thru-to-the-big-screen-taco-bell-features-nearly-400-real-fans-in-its-big-game-ad,TACO BELL FEATURES NEARLY 400 REAL FANS IN ITS ...,"TACO BELL FEATURES NEARLY 400 REAL FANS IN ITS ...
Morningstar
https://www.morningstar.com › news
·
Traduire cette page
il y a 18 heures — ... News · PR Newswire. FROM THE DRIVE-THRU TO THE BIG SCREEN: TACO BELL FEATURES NEARLY 400 REAL FANS IN ITS BIG GAME AD. FROM THE DRIVE-THRU TO ...",Monitor* AND Report* AND Verif* AND MRV AND soil*,41,3,SEO,Non,morningstar,www.morningstar.com,10/02/25
https://en.wikipedia.org/wiki/Greenhouse_gas_emissions_by_Turkey,Greenhouse gas emissions by Turkey,"Greenhouse gas emissions by Turkey
Wikipedia
https://en.wikipedia.org › wiki
·
Traduire cette page
Monitoring, reporting and verification (MRV) includes sharing information ... Clay Cement, which is only half clinker. The second-largest reduction ...",Monitor* AND Report* AND Verif* AND MRV AND soil*,41,4,SEO,Non,wikipedia,en.wikipedia.org,10/02/25
https://co2re.org/research-home/mrv-socioecological-systems/mrv/,"Monitoring, reporting and verification - CO₂RE","Monitoring, reporting and verification - CO₂RE
CO₂RE - The Greenhouse Gas Removal Hub
https://co2re.org › mrv
·
Traduire cette page
Without accurate and transparent systems of monitoring, reporting and verification (MRV) it is not possible to track the deployment and effectiveness of ...",Monitor* AND Report* AND Verif* AND MRV AND soil*,41,5,SEO,Non,co2re,co2re.org,10/02/25
https://www.newsngr.com.ng/2025/01/olam-agri-shaping-the-futureof-global-food-systems/,Olam Agri: Shaping The Futureof Global Food Systems,"Olam Agri: Shaping The Futureof Global Food Systems
newsngr.com.ng
https://www.newsngr.com.ng › ola...
·
Traduire cette page
7 janv. 2025 — One of the key areas where technology is making a significant impact is in our Monitoring, Reporting, and Verification (MRV) processes. By ...",Monitor* AND Report* AND Verif* AND MRV AND soil*,41,6,SEO,Non,newsngr,www.newsngr.com.ng,10/02/25
https://en.wikipedia.org/wiki/Tomorrowland_(festival),Tomorrowland (festival),"Tomorrowland (festival)
Wikipedia
https://en.wikipedia.org › wiki
·
Traduire cette page
This article is about the annual electronic dance music festival in Belgium. ... In April 2014, MTV announced that it would produce two hour-long MTV World ...",Monitor* AND Report* AND Verif* AND MRV AND soil*,42,1,SEO,Non,wikipedia,en.wikipedia.org,10/02/25
https://www.thenews.com.pk/print/1280468-ndc-lessons-from-the-uae-and-brazil,NDC lessons from the UAE and Brazil,"NDC lessons from the UAE and Brazil
The News International
https://www.thenews.com.pk › print
·
Traduire cette page
il y a 3 jours — ... Monitoring, Reporting, and Verification (MRV) framework. The UAE's ... Given Pakistan's vulnerability to land degradation, climate-smart land-use ...",Monitor* AND Report* AND Verif* AND MRV AND soil*,42,2,SEO,Non,thenews,www.thenews.com.pk,10/02/25
https://www.morningstar.com/news/pr-newswire/20250209ny14633/from-the-drive-thru-to-the-big-screen-taco-bell-features-nearly-400-real-fans-in-its-big-game-ad,TACO BELL FEATURES NEARLY 400 REAL FANS IN ITS ...,"TACO BELL FEATURES NEARLY 400 REAL FANS IN ITS ...
Morningstar
https://www.morningstar.com › news
·
Traduire cette page
il y a 18 heures — ... News · PR Newswire. FROM THE DRIVE-THRU TO THE BIG SCREEN: TACO BELL FEATURES NEARLY 400 REAL FANS IN ITS BIG GAME AD. FROM THE DRIVE-THRU TO ...",Monitor* AND Report* AND Verif* AND MRV AND soil*,42,3,SEO,Non,morningstar,www.morningstar.com,10/02/25
https://en.wikipedia.org/wiki/Greenhouse_gas_emissions_by_Turkey,Greenhouse gas emissions by Turkey,"Greenhouse gas emissions by Turkey
Wikipedia
https://en.wikipedia.org › wiki
·
Traduire cette page
Monitoring, reporting and verification (MRV) includes sharing information ... Clay Cement, which is only half clinker. The second-largest reduction ...",Monitor* AND Report* AND Verif* AND MRV AND soil*,42,4,SEO,Non,wikipedia,en.wikipedia.org,10/02/25
https://co2re.org/research-home/mrv-socioecological-systems/mrv/,"Monitoring, reporting and verification - CO₂RE","Monitoring, reporting and verification - CO₂RE
CO₂RE - The Greenhouse Gas Removal Hub
https://co2re.org › mrv
·
Traduire cette page
Without accurate and transparent systems of monitoring, reporting and verification (MRV) it is not possible to track the deployment and effectiveness of ...",Monitor* AND Report* AND Verif* AND MRV AND soil*,42,5,SEO,Non,co2re,co2re.org,10/02/25
https://www.newsngr.com.ng/2025/01/olam-agri-shaping-the-futureof-global-food-systems/,Olam Agri: Shaping The Futureof Global Food Systems,"Olam Agri: Shaping The Futureof Global Food Systems
newsngr.com.ng
https://www.newsngr.com.ng › ola...
·
Traduire cette page
7 janv. 2025 — One of the key areas where technology is making a significant impact is in our Monitoring, Reporting, and Verification (MRV) processes. By ...",Monitor* AND Report* AND Verif* AND MRV AND soil*,42,6,SEO,Non,newsngr,www.newsngr.com.ng,10/02/25
https://en.wikipedia.org/wiki/Tomorrowland_(festival),Tomorrowland (festival),"Tomorrowland (festival)
Wikipedia
https://en.wikipedia.org › wiki
·
Traduire cette page
This article is about the annual electronic dance music festival in Belgium. ... In April 2014, MTV announced that it would produce two hour-long MTV World ...",Monitor* AND Report* AND Verif* AND MRV AND soil*,43,1,SEO,Non,wikipedia,en.wikipedia.org,10/02/25
https://www.thenews.com.pk/print/1280468-ndc-lessons-from-the-uae-and-brazil,NDC lessons from the UAE and Brazil,"NDC lessons from the UAE and Brazil
The News International
https://www.thenews.com.pk › print
·
Traduire cette page
il y a 3 jours — ... Monitoring, Reporting, and Verification (MRV) framework. The UAE's ... Given Pakistan's vulnerability to land degradation, climate-smart land-use ...",Monitor* AND Report* AND Verif* AND MRV AND soil*,43,2,SEO,Non,thenews,www.thenews.com.pk,10/02/25
https://www.morningstar.com/news/pr-newswire/20250209ny14633/from-the-drive-thru-to-the-big-screen-taco-bell-features-nearly-400-real-fans-in-its-big-game-ad,TACO BELL FEATURES NEARLY 400 REAL FANS IN ITS ...,"TACO BELL FEATURES NEARLY 400 REAL FANS IN ITS ...
Morningstar
https://www.morningstar.com › news
·
Traduire cette page
il y a 18 heures — ... News · PR Newswire. FROM THE DRIVE-THRU TO THE BIG SCREEN: TACO BELL FEATURES NEARLY 400 REAL FANS IN ITS BIG GAME AD. FROM THE DRIVE-THRU TO ...",Monitor* AND Report* AND Verif* AND MRV AND soil*,43,3,SEO,Non,morningstar,www.morningstar.com,10/02/25
https://en.wikipedia.org/wiki/Greenhouse_gas_emissions_by_Turkey,Greenhouse gas emissions by Turkey,"Greenhouse gas emissions by Turkey
Wikipedia
https://en.wikipedia.org › wiki
·
Traduire cette page
Monitoring, reporting and verification (MRV) includes sharing information ... Clay Cement, which is only half clinker. The second-largest reduction ...",Monitor* AND Report* AND Verif* AND MRV AND soil*,43,4,SEO,Non,wikipedia,en.wikipedia.org,10/02/25
https://co2re.org/research-home/mrv-socioecological-systems/mrv/,"Monitoring, reporting and verification - CO₂RE","Monitoring, reporting and verification - CO₂RE
CO₂RE - The Greenhouse Gas Removal Hub
https://co2re.org › mrv
·
Traduire cette page
Without accurate and transparent systems of monitoring, reporting and verification (MRV) it is not possible to track the deployment and effectiveness of ...",Monitor* AND Report* AND Verif* AND MRV AND soil*,43,5,SEO,Non,co2re,co2re.org,10/02/25
https://www.newsngr.com.ng/2025/01/olam-agri-shaping-the-futureof-global-food-systems/,Olam Agri: Shaping The Futureof Global Food Systems,"Olam Agri: Shaping The Futureof Global Food Systems
newsngr.com.ng
https://www.newsngr.com.ng › ola...
·
Traduire cette page
7 janv. 2025 — One of the key areas where technology is making a significant impact is in our Monitoring, Reporting, and Verification (MRV) processes. By ...",Monitor* AND Report* AND Verif* AND MRV AND soil*,43,6,SEO,Non,newsngr,www.newsngr.com.ng,10/02/25
https://en.wikipedia.org/wiki/Tomorrowland_(festival),Tomorrowland (festival),"Tomorrowland (festival)
Wikipedia
https://en.wikipedia.org › wiki
·
Traduire cette page
This article is about the annual electronic dance music festival in Belgium. ... In April 2014, MTV announced that it would produce two hour-long MTV World ...",Monitor* AND Report* AND Verif* AND MRV AND soil*,44,1,SEO,Non,wikipedia,en.wikipedia.org,10/02/25
https://www.thenews.com.pk/print/1280468-ndc-lessons-from-the-uae-and-brazil,NDC lessons from the UAE and Brazil,"NDC lessons from the UAE and Brazil
The News International
https://www.thenews.com.pk › print
·
Traduire cette page
il y a 3 jours — ... Monitoring, Reporting, and Verification (MRV) framework. The UAE's ... Given Pakistan's vulnerability to land degradation, climate-smart land-use ...",Monitor* AND Report* AND Verif* AND MRV AND soil*,44,2,SEO,Non,thenews,www.thenews.com.pk,10/02/25
https://www.morningstar.com/news/pr-newswire/20250209ny14633/from-the-drive-thru-to-the-big-screen-taco-bell-features-nearly-400-real-fans-in-its-big-game-ad,TACO BELL FEATURES NEARLY 400 REAL FANS IN ITS ...,"TACO BELL FEATURES NEARLY 400 REAL FANS IN ITS ...
Morningstar
https://www.morningstar.com › news
·
Traduire cette page
il y a 18 heures — ... News · PR Newswire. FROM THE DRIVE-THRU TO THE BIG SCREEN: TACO BELL FEATURES NEARLY 400 REAL FANS IN ITS BIG GAME AD. FROM THE DRIVE-THRU TO ...",Monitor* AND Report* AND Verif* AND MRV AND soil*,44,3,SEO,Non,morningstar,www.morningstar.com,10/02/25
https://en.wikipedia.org/wiki/Greenhouse_gas_emissions_by_Turkey,Greenhouse gas emissions by Turkey,"Greenhouse gas emissions by Turkey
Wikipedia
https://en.wikipedia.org › wiki
·
Traduire cette page
Monitoring, reporting and verification (MRV) includes sharing information ... Clay Cement, which is only half clinker. The second-largest reduction ...",Monitor* AND Report* AND Verif* AND MRV AND soil*,44,4,SEO,Non,wikipedia,en.wikipedia.org,10/02/25
https://co2re.org/research-home/mrv-socioecological-systems/mrv/,"Monitoring, reporting and verification - CO₂RE","Monitoring, reporting and verification - CO₂RE
CO₂RE - The Greenhouse Gas Removal Hub
https://co2re.org › mrv
·
Traduire cette page
Without accurate and transparent systems of monitoring, reporting and verification (MRV) it is not possible to track the deployment and effectiveness of ...",Monitor* AND Report* AND Verif* AND MRV AND soil*,44,5,SEO,Non,co2re,co2re.org,10/02/25
https://www.newsngr.com.ng/2025/01/olam-agri-shaping-the-futureof-global-food-systems/,Olam Agri: Shaping The Futureof Global Food Systems,"Olam Agri: Shaping The Futureof Global Food Systems
newsngr.com.ng
https://www.newsngr.com.ng › ola...
·
Traduire cette page
7 janv. 2025 — One of the key areas where technology is making a significant impact is in our Monitoring, Reporting, and Verification (MRV) processes. By ...",Monitor* AND Report* AND Verif* AND MRV AND soil*,44,6,SEO,Non,newsngr,www.newsngr.com.ng,10/02/25
https://en.wikipedia.org/wiki/Tomorrowland_(festival),Tomorrowland (festival),"Tomorrowland (festival)
Wikipedia
https://en.wikipedia.org › wiki
·
Traduire cette page
This article is about the annual electronic dance music festival in Belgium. ... In April 2014, MTV announced that it would produce two hour-long MTV World ...",Monitor* AND Report* AND Verif* AND MRV AND soil*,45,1,SEO,Non,wikipedia,en.wikipedia.org,10/02/25
https://www.thenews.com.pk/print/1280468-ndc-lessons-from-the-uae-and-brazil,NDC lessons from the UAE and Brazil,"NDC lessons from the UAE and Brazil
The News International
https://www.thenews.com.pk › print
·
Traduire cette page
il y a 3 jours — ... Monitoring, Reporting, and Verification (MRV) framework. The UAE's ... Given Pakistan's vulnerability to land degradation, climate-smart land-use ...",Monitor* AND Report* AND Verif* AND MRV AND soil*,45,2,SEO,Non,thenews,www.thenews.com.pk,10/02/25
https://www.morningstar.com/news/pr-newswire/20250209ny14633/from-the-drive-thru-to-the-big-screen-taco-bell-features-nearly-400-real-fans-in-its-big-game-ad,TACO BELL FEATURES NEARLY 400 REAL FANS IN ITS ...,"TACO BELL FEATURES NEARLY 400 REAL FANS IN ITS ...
Morningstar
https://www.morningstar.com › news
·
Traduire cette page
il y a 18 heures — ... News · PR Newswire. FROM THE DRIVE-THRU TO THE BIG SCREEN: TACO BELL FEATURES NEARLY 400 REAL FANS IN ITS BIG GAME AD. FROM THE DRIVE-THRU TO ...",Monitor* AND Report* AND Verif* AND MRV AND soil*,45,3,SEO,Non,morningstar,www.morningstar.com,10/02/25
https://en.wikipedia.org/wiki/Greenhouse_gas_emissions_by_Turkey,Greenhouse gas emissions by Turkey,"Greenhouse gas emissions by Turkey
Wikipedia
https://en.wikipedia.org › wiki
·
Traduire cette page
Monitoring, reporting and verification (MRV) includes sharing information ... Clay Cement, which is only half clinker. The second-largest reduction ...",Monitor* AND Report* AND Verif* AND MRV AND soil*,45,4,SEO,Non,wikipedia,en.wikipedia.org,10/02/25
https://co2re.org/research-home/mrv-socioecological-systems/mrv/,"Monitoring, reporting and verification - CO₂RE","Monitoring, reporting and verification - CO₂RE
CO₂RE - The Greenhouse Gas Removal Hub
https://co2re.org › mrv
·
Traduire cette page
Without accurate and transparent systems of monitoring, reporting and verification (MRV) it is not possible to track the deployment and effectiveness of ...",Monitor* AND Report* AND Verif* AND MRV AND soil*,45,5,SEO,Non,co2re,co2re.org,10/02/25
https://www.newsngr.com.ng/2025/01/olam-agri-shaping-the-futureof-global-food-systems/,Olam Agri: Shaping The Futureof Global Food Systems,"Olam Agri: Shaping The Futureof Global Food Systems
newsngr.com.ng
https://www.newsngr.com.ng › ola...
·
Traduire cette page
7 janv. 2025 — One of the key areas where technology is making a significant impact is in our Monitoring, Reporting, and Verification (MRV) processes. By ...",Monitor* AND Report* AND Verif* AND MRV AND soil*,45,6,SEO,Non,newsngr,www.newsngr.com.ng,10/02/25
https://en.wikipedia.org/wiki/Tomorrowland_(festival),Tomorrowland (festival),"Tomorrowland (festival)
Wikipedia
https://en.wikipedia.org › wiki
·
Traduire cette page
This article is about the annual electronic dance music festival in Belgium. ... In April 2014, MTV announced that it would produce two hour-long MTV World ...",Monitor* AND Report* AND Verif* AND MRV AND soil*,46,1,SEO,Non,wikipedia,en.wikipedia.org,10/02/25
https://www.thenews.com.pk/print/1280468-ndc-lessons-from-the-uae-and-brazil,NDC lessons from the UAE and Brazil,"NDC lessons from the UAE and Brazil
The News International
https://www.thenews.com.pk › print
·
Traduire cette page
il y a 3 jours — ... Monitoring, Reporting, and Verification (MRV) framework. The UAE's ... Given Pakistan's vulnerability to land degradation, climate-smart land-use ...",Monitor* AND Report* AND Verif* AND MRV AND soil*,46,2,SEO,Non,thenews,www.thenews.com.pk,10/02/25
https://www.morningstar.com/news/pr-newswire/20250209ny14633/from-the-drive-thru-to-the-big-screen-taco-bell-features-nearly-400-real-fans-in-its-big-game-ad,TACO BELL FEATURES NEARLY 400 REAL FANS IN ITS ...,"TACO BELL FEATURES NEARLY 400 REAL FANS IN ITS ...
Morningstar
https://www.morningstar.com › news
·
Traduire cette page
il y a 18 heures — ... News · PR Newswire. FROM THE DRIVE-THRU TO THE BIG SCREEN: TACO BELL FEATURES NEARLY 400 REAL FANS IN ITS BIG GAME AD. FROM THE DRIVE-THRU TO ...",Monitor* AND Report* AND Verif* AND MRV AND soil*,46,3,SEO,Non,morningstar,www.morningstar.com,10/02/25
https://en.wikipedia.org/wiki/Greenhouse_gas_emissions_by_Turkey,Greenhouse gas emissions by Turkey,"Greenhouse gas emissions by Turkey
Wikipedia
https://en.wikipedia.org › wiki
·
Traduire cette page
Monitoring, reporting and verification (MRV) includes sharing information ... Clay Cement, which is only half clinker. The second-largest reduction ...",Monitor* AND Report* AND Verif* AND MRV AND soil*,46,4,SEO,Non,wikipedia,en.wikipedia.org,10/02/25
https://co2re.org/research-home/mrv-socioecological-systems/mrv/,"Monitoring, reporting and verification - CO₂RE","Monitoring, reporting and verification - CO₂RE
CO₂RE - The Greenhouse Gas Removal Hub
https://co2re.org › mrv
·
Traduire cette page
Without accurate and transparent systems of monitoring, reporting and verification (MRV) it is not possible to track the deployment and effectiveness of ...",Monitor* AND Report* AND Verif* AND MRV AND soil*,46,5,SEO,Non,co2re,co2re.org,10/02/25
https://www.newsngr.com.ng/2025/01/olam-agri-shaping-the-futureof-global-food-systems/,Olam Agri: Shaping The Futureof Global Food Systems,"Olam Agri: Shaping The Futureof Global Food Systems
newsngr.com.ng
https://www.newsngr.com.ng › ola...
·
Traduire cette page
7 janv. 2025 — One of the key areas where technology is making a significant impact is in our Monitoring, Reporting, and Verification (MRV) processes. By ...",Monitor* AND Report* AND Verif* AND MRV AND soil*,46,6,SEO,Non,newsngr,www.newsngr.com.ng,10/02/25
https://en.wikipedia.org/wiki/Tomorrowland_(festival),Tomorrowland (festival),"Tomorrowland (festival)
Wikipedia
https://en.wikipedia.org › wiki
·
Traduire cette page
This article is about the annual electronic dance music festival in Belgium. ... In April 2014, MTV announced that it would produce two hour-long MTV World ...",Monitor* AND Report* AND Verif* AND MRV AND soil*,47,1,SEO,Non,wikipedia,en.wikipedia.org,10/02/25
https://www.thenews.com.pk/print/1280468-ndc-lessons-from-the-uae-and-brazil,NDC lessons from the UAE and Brazil,"NDC lessons from the UAE and Brazil
The News International
https://www.thenews.com.pk › print
·
Traduire cette page
il y a 3 jours — ... Monitoring, Reporting, and Verification (MRV) framework. The UAE's ... Given Pakistan's vulnerability to land degradation, climate-smart land-use ...",Monitor* AND Report* AND Verif* AND MRV AND soil*,47,2,SEO,Non,thenews,www.thenews.com.pk,10/02/25
https://www.morningstar.com/news/pr-newswire/20250209ny14633/from-the-drive-thru-to-the-big-screen-taco-bell-features-nearly-400-real-fans-in-its-big-game-ad,TACO BELL FEATURES NEARLY 400 REAL FANS IN ITS ...,"TACO BELL FEATURES NEARLY 400 REAL FANS IN ITS ...
Morningstar
https://www.morningstar.com › news
·
Traduire cette page
il y a 18 heures — ... News · PR Newswire. FROM THE DRIVE-THRU TO THE BIG SCREEN: TACO BELL FEATURES NEARLY 400 REAL FANS IN ITS BIG GAME AD. FROM THE DRIVE-THRU TO ...",Monitor* AND Report* AND Verif* AND MRV AND soil*,47,3,SEO,Non,morningstar,www.morningstar.com,10/02/25
https://en.wikipedia.org/wiki/Greenhouse_gas_emissions_by_Turkey,Greenhouse gas emissions by Turkey,"Greenhouse gas emissions by Turkey
Wikipedia
https://en.wikipedia.org › wiki
·
Traduire cette page
Monitoring, reporting and verification (MRV) includes sharing information ... Clay Cement, which is only half clinker. The second-largest reduction ...",Monitor* AND Report* AND Verif* AND MRV AND soil*,47,4,SEO,Non,wikipedia,en.wikipedia.org,10/02/25
https://co2re.org/research-home/mrv-socioecological-systems/mrv/,"Monitoring, reporting and verification - CO₂RE","Monitoring, reporting and verification - CO₂RE
CO₂RE - The Greenhouse Gas Removal Hub
https://co2re.org › mrv
·
Traduire cette page
Without accurate and transparent systems of monitoring, reporting and verification (MRV) it is not possible to track the deployment and effectiveness of ...",Monitor* AND Report* AND Verif* AND MRV AND soil*,47,5,SEO,Non,co2re,co2re.org,10/02/25
https://www.newsngr.com.ng/2025/01/olam-agri-shaping-the-futureof-global-food-systems/,Olam Agri: Shaping The Futureof Global Food Systems,"Olam Agri: Shaping The Futureof Global Food Systems
newsngr.com.ng
https://www.newsngr.com.ng › ola...
·
Traduire cette page
7 janv. 2025 — One of the key areas where technology is making a significant impact is in our Monitoring, Reporting, and Verification (MRV) processes. By ...",Monitor* AND Report* AND Verif* AND MRV AND soil*,47,6,SEO,Non,newsngr,www.newsngr.com.ng,10/02/25
https://en.wikipedia.org/wiki/Tomorrowland_(festival),Tomorrowland (festival),"Tomorrowland (festival)
Wikipedia
https://en.wikipedia.org › wiki
·
Traduire cette page
This article is about the annual electronic dance music festival in Belgium. ... In April 2014, MTV announced that it would produce two hour-long MTV World ...",Monitor* AND Report* AND Verif* AND MRV AND soil*,48,1,SEO,Non,wikipedia,en.wikipedia.org,10/02/25
https://www.thenews.com.pk/print/1280468-ndc-lessons-from-the-uae-and-brazil,NDC lessons from the UAE and Brazil,"NDC lessons from the UAE and Brazil
The News International
https://www.thenews.com.pk › print
·
Traduire cette page
il y a 3 jours — ... Monitoring, Reporting, and Verification (MRV) framework. The UAE's ... Given Pakistan's vulnerability to land degradation, climate-smart land-use ...",Monitor* AND Report* AND Verif* AND MRV AND soil*,48,2,SEO,Non,thenews,www.thenews.com.pk,10/02/25
https://www.morningstar.com/news/pr-newswire/20250209ny14633/from-the-drive-thru-to-the-big-screen-taco-bell-features-nearly-400-real-fans-in-its-big-game-ad,TACO BELL FEATURES NEARLY 400 REAL FANS IN ITS ...,"TACO BELL FEATURES NEARLY 400 REAL FANS IN ITS ...
Morningstar
https://www.morningstar.com › news
·
Traduire cette page
il y a 18 heures — ... News · PR Newswire. FROM THE DRIVE-THRU TO THE BIG SCREEN: TACO BELL FEATURES NEARLY 400 REAL FANS IN ITS BIG GAME AD. FROM THE DRIVE-THRU TO ...",Monitor* AND Report* AND Verif* AND MRV AND soil*,48,3,SEO,Non,morningstar,www.morningstar.com,10/02/25
https://en.wikipedia.org/wiki/Greenhouse_gas_emissions_by_Turkey,Greenhouse gas emissions by Turkey,"Greenhouse gas emissions by Turkey
Wikipedia
https://en.wikipedia.org › wiki
·
Traduire cette page
Monitoring, reporting and verification (MRV) includes sharing information ... Clay Cement, which is only half clinker. The second-largest reduction ...",Monitor* AND Report* AND Verif* AND MRV AND soil*,48,4,SEO,Non,wikipedia,en.wikipedia.org,10/02/25
https://co2re.org/research-home/mrv-socioecological-systems/mrv/,"Monitoring, reporting and verification - CO₂RE","Monitoring, reporting and verification - CO₂RE
CO₂RE - The Greenhouse Gas Removal Hub
https://co2re.org › mrv
·
Traduire cette page
Without accurate and transparent systems of monitoring, reporting and verification (MRV) it is not possible to track the deployment and effectiveness of ...",Monitor* AND Report* AND Verif* AND MRV AND soil*,48,5,SEO,Non,co2re,co2re.org,10/02/25
https://www.newsngr.com.ng/2025/01/olam-agri-shaping-the-futureof-global-food-systems/,Olam Agri: Shaping The Futureof Global Food Systems,"Olam Agri: Shaping The Futureof Global Food Systems
newsngr.com.ng
https://www.newsngr.com.ng › ola...
·
Traduire cette page
7 janv. 2025 — One of the key areas where technology is making a significant impact is in our Monitoring, Reporting, and Verification (MRV) processes. By ...",Monitor* AND Report* AND Verif* AND MRV AND soil*,48,6,SEO,Non,newsngr,www.newsngr.com.ng,10/02/25
https://en.wikipedia.org/wiki/Tomorrowland_(festival),Tomorrowland (festival),"Tomorrowland (festival)
Wikipedia
https://en.wikipedia.org › wiki
·
Traduire cette page
This article is about the annual electronic dance music festival in Belgium. ... In April 2014, MTV announced that it would produce two hour-long MTV World ...",Monitor* AND Report* AND Verif* AND MRV AND soil*,49,1,SEO,Non,wikipedia,en.wikipedia.org,10/02/25
https://www.thenews.com.pk/print/1280468-ndc-lessons-from-the-uae-and-brazil,NDC lessons from the UAE and Brazil,"NDC lessons from the UAE and Brazil
The News International
https://www.thenews.com.pk › print
·
Traduire cette page
il y a 3 jours — ... Monitoring, Reporting, and Verification (MRV) framework. The UAE's ... Given Pakistan's vulnerability to land degradation, climate-smart land-use ...",Monitor* AND Report* AND Verif* AND MRV AND soil*,49,2,SEO,Non,thenews,www.thenews.com.pk,10/02/25
https://www.morningstar.com/news/pr-newswire/20250209ny14633/from-the-drive-thru-to-the-big-screen-taco-bell-features-nearly-400-real-fans-in-its-big-game-ad,TACO BELL FEATURES NEARLY 400 REAL FANS IN ITS ...,"TACO BELL FEATURES NEARLY 400 REAL FANS IN ITS ...
Morningstar
https://www.morningstar.com › news
·
Traduire cette page
il y a 18 heures — ... News · PR Newswire. FROM THE DRIVE-THRU TO THE BIG SCREEN: TACO BELL FEATURES NEARLY 400 REAL FANS IN ITS BIG GAME AD. FROM THE DRIVE-THRU TO ...",Monitor* AND Report* AND Verif* AND MRV AND soil*,49,3,SEO,Non,morningstar,www.morningstar.com,10/02/25
https://en.wikipedia.org/wiki/Greenhouse_gas_emissions_by_Turkey,Greenhouse gas emissions by Turkey,"Greenhouse gas emissions by Turkey
Wikipedia
https://en.wikipedia.org › wiki
·
Traduire cette page
Monitoring, reporting and verification (MRV) includes sharing information ... Clay Cement, which is only half clinker. The second-largest reduction ...",Monitor* AND Report* AND Verif* AND MRV AND soil*,49,4,SEO,Non,wikipedia,en.wikipedia.org,10/02/25
https://co2re.org/research-home/mrv-socioecological-systems/mrv/,"Monitoring, reporting and verification - CO₂RE","Monitoring, reporting and verification - CO₂RE
CO₂RE - The Greenhouse Gas Removal Hub
https://co2re.org › mrv
·
Traduire cette page
Without accurate and transparent systems of monitoring, reporting and verification (MRV) it is not possible to track the deployment and effectiveness of ...",Monitor* AND Report* AND Verif* AND MRV AND soil*,49,5,SEO,Non,co2re,co2re.org,10/02/25
https://www.newsngr.com.ng/2025/01/olam-agri-shaping-the-futureof-global-food-systems/,Olam Agri: Shaping The Futureof Global Food Systems,"Olam Agri: Shaping The Futureof Global Food Systems
newsngr.com.ng
https://www.newsngr.com.ng › ola...
·
Traduire cette page
7 janv. 2025 — One of the key areas where technology is making a significant impact is in our Monitoring, Reporting, and Verification (MRV) processes. By ...",Monitor* AND Report* AND Verif* AND MRV AND soil*,49,6,SEO,Non,newsngr,www.newsngr.com.ng,10/02/25
https://en.wikipedia.org/wiki/Tomorrowland_(festival),Tomorrowland (festival),"Tomorrowland (festival)
Wikipedia
https://en.wikipedia.org › wiki
·
Traduire cette page
This article is about the annual electronic dance music festival in Belgium. ... In April 2014, MTV announced that it would produce two hour-long MTV World ...",Monitor* AND Report* AND Verif* AND MRV AND soil*,50,1,SEO,Non,wikipedia,en.wikipedia.org,10/02/25
https://www.thenews.com.pk/print/1280468-ndc-lessons-from-the-uae-and-brazil,NDC lessons from the UAE and Brazil,"NDC lessons from the UAE and Brazil
The News International
https://www.thenews.com.pk › print
·
Traduire cette page
il y a 3 jours — ... Monitoring, Reporting, and Verification (MRV) framework. The UAE's ... Given Pakistan's vulnerability to land degradation, climate-smart land-use ...",Monitor* AND Report* AND Verif* AND MRV AND soil*,50,2,SEO,Non,thenews,www.thenews.com.pk,10/02/25
https://www.morningstar.com/news/pr-newswire/20250209ny14633/from-the-drive-thru-to-the-big-screen-taco-bell-features-nearly-400-real-fans-in-its-big-game-ad,TACO BELL FEATURES NEARLY 400 REAL FANS IN ITS ...,"TACO BELL FEATURES NEARLY 400 REAL FANS IN ITS ...
Morningstar
https://www.morningstar.com › news
·
Traduire cette page
il y a 18 heures — ... News · PR Newswire. FROM THE DRIVE-THRU TO THE BIG SCREEN: TACO BELL FEATURES NEARLY 400 REAL FANS IN ITS BIG GAME AD. FROM THE DRIVE-THRU TO ...",Monitor* AND Report* AND Verif* AND MRV AND soil*,50,3,SEO,Non,morningstar,www.morningstar.com,10/02/25
https://en.wikipedia.org/wiki/Greenhouse_gas_emissions_by_Turkey,Greenhouse gas emissions by Turkey,"Greenhouse gas emissions by Turkey
Wikipedia
https://en.wikipedia.org › wiki
·
Traduire cette page
Monitoring, reporting and verification (MRV) includes sharing information ... Clay Cement, which is only half clinker. The second-largest reduction ...",Monitor* AND Report* AND Verif* AND MRV AND soil*,50,4,SEO,Non,wikipedia,en.wikipedia.org,10/02/25
https://co2re.org/research-home/mrv-socioecological-systems/mrv/,"Monitoring, reporting and verification - CO₂RE","Monitoring, reporting and verification - CO₂RE
CO₂RE - The Greenhouse Gas Removal Hub
https://co2re.org › mrv
·
Traduire cette page
Without accurate and transparent systems of monitoring, reporting and verification (MRV) it is not possible to track the deployment and effectiveness of ...",Monitor* AND Report* AND Verif* AND MRV AND soil*,50,5,SEO,Non,co2re,co2re.org,10/02/25
https://www.newsngr.com.ng/2025/01/olam-agri-shaping-the-futureof-global-food-systems/,Olam Agri: Shaping The Futureof Global Food Systems,"Olam Agri: Shaping The Futureof Global Food Systems
newsngr.com.ng
https://www.newsngr.com.ng › ola...
·
Traduire cette page
7 janv. 2025 — One of the key areas where technology is making a significant impact is in our Monitoring, Reporting, and Verification (MRV) processes. By ...",Monitor* AND Report* AND Verif* AND MRV AND soil*,50,6,SEO,Non,newsngr,www.newsngr.com.ng,10/02/25
